-- Adminer 4.8.1 MySQL 5.5.5-10.4.22-MariaDB dump

SET NAMES utf8;
SET time_zone = '+00:00';
SET foreign_key_checks = 0;
SET sql_mode = 'NO_AUTO_VALUE_ON_ZERO';

SET NAMES utf8mb4;

DROP TABLE IF EXISTS `announcements`;
CREATE TABLE `announcements` (
  `id` bigint(20) unsigned NOT NULL AUTO_INCREMENT,
  `user_id` int(10) unsigned NOT NULL,
  `title` varchar(191) COLLATE utf8mb4_unicode_ci NOT NULL,
  `body` text COLLATE utf8mb4_unicode_ci NOT NULL,
  `created_at` timestamp NULL DEFAULT NULL,
  `updated_at` timestamp NULL DEFAULT NULL,
  PRIMARY KEY (`id`),
  KEY `announcements_user_id_foreign` (`user_id`),
  CONSTRAINT `announcements_user_id_foreign` FOREIGN KEY (`user_id`) REFERENCES `users` (`id`) ON DELETE CASCADE
) ENGINE=InnoDB DEFAULT CHARSET=utf8mb4 COLLATE=utf8mb4_unicode_ci;


DROP TABLE IF EXISTS `candidate_skills`;
CREATE TABLE `candidate_skills` (
  `candidate_id` int(10) unsigned NOT NULL,
  `skill_id` int(10) unsigned NOT NULL,
  PRIMARY KEY (`candidate_id`,`skill_id`),
  KEY `candidate_id` (`candidate_id`),
  KEY `skill_id` (`skill_id`),
  CONSTRAINT `candidate_skills_ibfk_1` FOREIGN KEY (`skill_id`) REFERENCES `m_skills` (`id`) ON DELETE CASCADE,
  CONSTRAINT `candidate_skills_ibfk_2` FOREIGN KEY (`candidate_id`) REFERENCES `t_candidate` (`id`) ON DELETE CASCADE
) ENGINE=InnoDB DEFAULT CHARSET=utf8mb4 COLLATE=utf8mb4_unicode_ci;

INSERT INTO `candidate_skills` (`candidate_id`, `skill_id`) VALUES
(13,	3),
(13,	5),
(13,	6),
(13,	7),
(20,	2),
(20,	4),
(20,	6);

DROP TABLE IF EXISTS `countries`;
CREATE TABLE `countries` (
  `id` int(10) unsigned NOT NULL AUTO_INCREMENT,
  `capital` varchar(255) COLLATE utf8mb4_unicode_ci DEFAULT NULL,
  `citizenship` varchar(255) COLLATE utf8mb4_unicode_ci DEFAULT NULL,
  `country_code` varchar(3) COLLATE utf8mb4_unicode_ci NOT NULL DEFAULT '',
  `currency` varchar(255) COLLATE utf8mb4_unicode_ci DEFAULT NULL,
  `currency_code` varchar(255) COLLATE utf8mb4_unicode_ci DEFAULT NULL,
  `currency_sub_unit` varchar(255) COLLATE utf8mb4_unicode_ci DEFAULT NULL,
  `currency_symbol` varchar(3) COLLATE utf8mb4_unicode_ci DEFAULT NULL,
  `full_name` varchar(255) COLLATE utf8mb4_unicode_ci DEFAULT NULL,
  `iso_3166_2` varchar(2) COLLATE utf8mb4_unicode_ci NOT NULL DEFAULT '',
  `iso_3166_3` varchar(3) COLLATE utf8mb4_unicode_ci NOT NULL DEFAULT '',
  `name` varchar(255) COLLATE utf8mb4_unicode_ci NOT NULL DEFAULT '',
  `region_code` varchar(3) COLLATE utf8mb4_unicode_ci NOT NULL DEFAULT '',
  `sub_region_code` varchar(3) COLLATE utf8mb4_unicode_ci NOT NULL DEFAULT '',
  `eea` tinyint(1) NOT NULL DEFAULT 0,
  `calling_code` varchar(3) COLLATE utf8mb4_unicode_ci DEFAULT NULL,
  `flag` varchar(6) COLLATE utf8mb4_unicode_ci DEFAULT NULL,
  PRIMARY KEY (`id`)
) ENGINE=InnoDB DEFAULT CHARSET=utf8mb4 COLLATE=utf8mb4_unicode_ci;

INSERT INTO `countries` (`id`, `capital`, `citizenship`, `country_code`, `currency`, `currency_code`, `currency_sub_unit`, `currency_symbol`, `full_name`, `iso_3166_2`, `iso_3166_3`, `name`, `region_code`, `sub_region_code`, `eea`, `calling_code`, `flag`) VALUES
(4,	'Kabul',	'Afghan',	'004',	'afghani',	'AFN',	'pul',	'؋',	'Islamic Republic of Afghanistan',	'AF',	'AFG',	'Afghanistan',	'142',	'034',	0,	'93',	'AF.png'),
(8,	'Tirana',	'Albanian',	'008',	'lek',	'ALL',	'(qindar (pl. qindarka))',	'Lek',	'Republic of Albania',	'AL',	'ALB',	'Albania',	'150',	'039',	0,	'355',	'AL.png'),
(10,	'Antartica',	'of Antartica',	'010',	'',	'',	'',	'',	'Antarctica',	'AQ',	'ATA',	'Antarctica',	'',	'',	0,	'672',	'AQ.png'),
(12,	'Algiers',	'Algerian',	'012',	'Algerian dinar',	'DZD',	'centime',	'DZD',	'People’s Democratic Republic of Algeria',	'DZ',	'DZA',	'Algeria',	'002',	'015',	0,	'213',	'DZ.png'),
(16,	'Pago Pago',	'American Samoan',	'016',	'US dollar',	'USD',	'cent',	'$',	'Territory of American',	'AS',	'ASM',	'American Samoa',	'009',	'061',	0,	'1',	'AS.png'),
(20,	'Andorra la Vella',	'Andorran',	'020',	'euro',	'EUR',	'cent',	'€',	'Principality of Andorra',	'AD',	'AND',	'Andorra',	'150',	'039',	0,	'376',	'AD.png'),
(24,	'Luanda',	'Angolan',	'024',	'kwanza',	'AOA',	'cêntimo',	'Kz',	'Republic of Angola',	'AO',	'AGO',	'Angola',	'002',	'017',	0,	'244',	'AO.png'),
(28,	'St John’s',	'of Antigua and Barbuda',	'028',	'East Caribbean dollar',	'XCD',	'cent',	'$',	'Antigua and Barbuda',	'AG',	'ATG',	'Antigua and Barbuda',	'019',	'029',	0,	'1',	'AG.png'),
(31,	'Baku',	'Azerbaijani',	'031',	'Azerbaijani manat',	'AZN',	'kepik (inv.)',	'ман',	'Republic of Azerbaijan',	'AZ',	'AZE',	'Azerbaijan',	'142',	'145',	0,	'994',	'AZ.png'),
(32,	'Buenos Aires',	'Argentinian',	'032',	'Argentine peso',	'ARS',	'centavo',	'$',	'Argentine Republic',	'AR',	'ARG',	'Argentina',	'019',	'005',	0,	'54',	'AR.png'),
(36,	'Canberra',	'Australian',	'036',	'Australian dollar',	'AUD',	'cent',	'$',	'Commonwealth of Australia',	'AU',	'AUS',	'Australia',	'009',	'053',	0,	'61',	'AU.png'),
(40,	'Vienna',	'Austrian',	'040',	'euro',	'EUR',	'cent',	'€',	'Republic of Austria',	'AT',	'AUT',	'Austria',	'150',	'155',	1,	'43',	'AT.png'),
(44,	'Nassau',	'Bahamian',	'044',	'Bahamian dollar',	'BSD',	'cent',	'$',	'Commonwealth of the Bahamas',	'BS',	'BHS',	'Bahamas',	'019',	'029',	0,	'1',	'BS.png'),
(48,	'Manama',	'Bahraini',	'048',	'Bahraini dinar',	'BHD',	'fils (inv.)',	'BHD',	'Kingdom of Bahrain',	'BH',	'BHR',	'Bahrain',	'142',	'145',	0,	'973',	'BH.png'),
(50,	'Dhaka',	'Bangladeshi',	'050',	'taka (inv.)',	'BDT',	'poisha (inv.)',	'BDT',	'People’s Republic of Bangladesh',	'BD',	'BGD',	'Bangladesh',	'142',	'034',	0,	'880',	'BD.png'),
(51,	'Yerevan',	'Armenian',	'051',	'dram (inv.)',	'AMD',	'luma',	'AMD',	'Republic of Armenia',	'AM',	'ARM',	'Armenia',	'142',	'145',	0,	'374',	'AM.png'),
(52,	'Bridgetown',	'Barbadian',	'052',	'Barbados dollar',	'BBD',	'cent',	'$',	'Barbados',	'BB',	'BRB',	'Barbados',	'019',	'029',	0,	'1',	'BB.png'),
(56,	'Brussels',	'Belgian',	'056',	'euro',	'EUR',	'cent',	'€',	'Kingdom of Belgium',	'BE',	'BEL',	'Belgium',	'150',	'155',	1,	'32',	'BE.png'),
(60,	'Hamilton',	'Bermudian',	'060',	'Bermuda dollar',	'BMD',	'cent',	'$',	'Bermuda',	'BM',	'BMU',	'Bermuda',	'019',	'021',	0,	'1',	'BM.png'),
(64,	'Thimphu',	'Bhutanese',	'064',	'ngultrum (inv.)',	'BTN',	'chhetrum (inv.)',	'BTN',	'Kingdom of Bhutan',	'BT',	'BTN',	'Bhutan',	'142',	'034',	0,	'975',	'BT.png'),
(68,	'Sucre (BO1)',	'Bolivian',	'068',	'boliviano',	'BOB',	'centavo',	'$b',	'Plurinational State of Bolivia',	'BO',	'BOL',	'Bolivia, Plurinational State of',	'019',	'005',	0,	'591',	'BO.png'),
(70,	'Sarajevo',	'of Bosnia and Herzegovina',	'070',	'convertible mark',	'BAM',	'fening',	'KM',	'Bosnia and Herzegovina',	'BA',	'BIH',	'Bosnia and Herzegovina',	'150',	'039',	0,	'387',	'BA.png'),
(72,	'Gaborone',	'Botswanan',	'072',	'pula (inv.)',	'BWP',	'thebe (inv.)',	'P',	'Republic of Botswana',	'BW',	'BWA',	'Botswana',	'002',	'018',	0,	'267',	'BW.png'),
(74,	'Bouvet island',	'of Bouvet island',	'074',	'',	'',	'',	'kr',	'Bouvet Island',	'BV',	'BVT',	'Bouvet Island',	'',	'',	0,	'47',	'BV.png'),
(76,	'Brasilia',	'Brazilian',	'076',	'real (pl. reais)',	'BRL',	'centavo',	'R$',	'Federative Republic of Brazil',	'BR',	'BRA',	'Brazil',	'019',	'005',	0,	'55',	'BR.png'),
(84,	'Belmopan',	'Belizean',	'084',	'Belize dollar',	'BZD',	'cent',	'BZ$',	'Belize',	'BZ',	'BLZ',	'Belize',	'019',	'013',	0,	'501',	'BZ.png'),
(86,	'Diego Garcia',	'Changosian',	'086',	'US dollar',	'USD',	'cent',	'$',	'British Indian Ocean Territory',	'IO',	'IOT',	'British Indian Ocean Territory',	'',	'',	0,	'246',	'IO.png'),
(90,	'Honiara',	'Solomon Islander',	'090',	'Solomon Islands dollar',	'SBD',	'cent',	'$',	'Solomon Islands',	'SB',	'SLB',	'Solomon Islands',	'009',	'054',	0,	'677',	'SB.png'),
(92,	'Road Town',	'British Virgin Islander;',	'092',	'US dollar',	'USD',	'cent',	'$',	'British Virgin Islands',	'VG',	'VGB',	'Virgin Islands, British',	'019',	'029',	0,	'1',	'VG.png'),
(96,	'Bandar Seri Begawan',	'Bruneian',	'096',	'Brunei dollar',	'BND',	'sen (inv.)',	'$',	'Brunei Darussalam',	'BN',	'BRN',	'Brunei Darussalam',	'142',	'035',	0,	'673',	'BN.png'),
(100,	'Sofia',	'Bulgarian',	'100',	'lev (pl. leva)',	'BGN',	'stotinka',	'лв',	'Republic of Bulgaria',	'BG',	'BGR',	'Bulgaria',	'150',	'151',	1,	'359',	'BG.png'),
(104,	'Yangon',	'Burmese',	'104',	'kyat',	'MMK',	'pya',	'K',	'Union of Myanmar/',	'MM',	'MMR',	'Myanmar',	'142',	'035',	0,	'95',	'MM.png'),
(108,	'Bujumbura',	'Burundian',	'108',	'Burundi franc',	'BIF',	'centime',	'BIF',	'Republic of Burundi',	'BI',	'BDI',	'Burundi',	'002',	'014',	0,	'257',	'BI.png'),
(112,	'Minsk',	'Belarusian',	'112',	'Belarusian rouble',	'BYR',	'kopek',	'p.',	'Republic of Belarus',	'BY',	'BLR',	'Belarus',	'150',	'151',	0,	'375',	'BY.png'),
(116,	'Phnom Penh',	'Cambodian',	'116',	'riel',	'KHR',	'sen (inv.)',	'៛',	'Kingdom of Cambodia',	'KH',	'KHM',	'Cambodia',	'142',	'035',	0,	'855',	'KH.png'),
(120,	'Yaoundé',	'Cameroonian',	'120',	'CFA franc (BEAC)',	'XAF',	'centime',	'FCF',	'Republic of Cameroon',	'CM',	'CMR',	'Cameroon',	'002',	'017',	0,	'237',	'CM.png'),
(124,	'Ottawa',	'Canadian',	'124',	'Canadian dollar',	'CAD',	'cent',	'$',	'Canada',	'CA',	'CAN',	'Canada',	'019',	'021',	0,	'1',	'CA.png'),
(132,	'Praia',	'Cape Verdean',	'132',	'Cape Verde escudo',	'CVE',	'centavo',	'CVE',	'Republic of Cape Verde',	'CV',	'CPV',	'Cape Verde',	'002',	'011',	0,	'238',	'CV.png'),
(136,	'George Town',	'Caymanian',	'136',	'Cayman Islands dollar',	'KYD',	'cent',	'$',	'Cayman Islands',	'KY',	'CYM',	'Cayman Islands',	'019',	'029',	0,	'1',	'KY.png'),
(140,	'Bangui',	'Central African',	'140',	'CFA franc (BEAC)',	'XAF',	'centime',	'CFA',	'Central African Republic',	'CF',	'CAF',	'Central African Republic',	'002',	'017',	0,	'236',	'CF.png'),
(144,	'Colombo',	'Sri Lankan',	'144',	'Sri Lankan rupee',	'LKR',	'cent',	'₨',	'Democratic Socialist Republic of Sri Lanka',	'LK',	'LKA',	'Sri Lanka',	'142',	'034',	0,	'94',	'LK.png'),
(148,	'N’Djamena',	'Chadian',	'148',	'CFA franc (BEAC)',	'XAF',	'centime',	'XAF',	'Republic of Chad',	'TD',	'TCD',	'Chad',	'002',	'017',	0,	'235',	'TD.png'),
(152,	'Santiago',	'Chilean',	'152',	'Chilean peso',	'CLP',	'centavo',	'CLP',	'Republic of Chile',	'CL',	'CHL',	'Chile',	'019',	'005',	0,	'56',	'CL.png'),
(156,	'Beijing',	'Chinese',	'156',	'renminbi-yuan (inv.)',	'CNY',	'jiao (10)',	'¥',	'People’s Republic of China',	'CN',	'CHN',	'China',	'142',	'030',	0,	'86',	'CN.png'),
(158,	'Taipei',	'Taiwanese',	'158',	'new Taiwan dollar',	'TWD',	'fen (inv.)',	'NT$',	'Republic of China, Taiwan (TW1)',	'TW',	'TWN',	'Taiwan, Province of China',	'142',	'030',	0,	'886',	'TW.png'),
(162,	'Flying Fish Cove',	'Christmas Islander',	'162',	'Australian dollar',	'AUD',	'cent',	'$',	'Christmas Island Territory',	'CX',	'CXR',	'Christmas Island',	'',	'',	0,	'61',	'CX.png'),
(166,	'Bantam',	'Cocos Islander',	'166',	'Australian dollar',	'AUD',	'cent',	'$',	'Territory of Cocos (Keeling) Islands',	'CC',	'CCK',	'Cocos (Keeling) Islands',	'',	'',	0,	'61',	'CC.png'),
(170,	'Santa Fe de Bogotá',	'Colombian',	'170',	'Colombian peso',	'COP',	'centavo',	'$',	'Republic of Colombia',	'CO',	'COL',	'Colombia',	'019',	'005',	0,	'57',	'CO.png'),
(174,	'Moroni',	'Comorian',	'174',	'Comorian franc',	'KMF',	'',	'KMF',	'Union of the Comoros',	'KM',	'COM',	'Comoros',	'002',	'014',	0,	'269',	'KM.png'),
(175,	'Mamoudzou',	'Mahorais',	'175',	'euro',	'EUR',	'cent',	'€',	'Departmental Collectivity of Mayotte',	'YT',	'MYT',	'Mayotte',	'002',	'014',	0,	'262',	'YT.png'),
(178,	'Brazzaville',	'Congolese',	'178',	'CFA franc (BEAC)',	'XAF',	'centime',	'FCF',	'Republic of the Congo',	'CG',	'COG',	'Congo',	'002',	'017',	0,	'242',	'CG.png'),
(180,	'Kinshasa',	'Congolese',	'180',	'Congolese franc',	'CDF',	'centime',	'CDF',	'Democratic Republic of the Congo',	'CD',	'COD',	'Congo, the Democratic Republic of the',	'002',	'017',	0,	'243',	'CD.png'),
(184,	'Avarua',	'Cook Islander',	'184',	'New Zealand dollar',	'NZD',	'cent',	'$',	'Cook Islands',	'CK',	'COK',	'Cook Islands',	'009',	'061',	0,	'682',	'CK.png'),
(188,	'San José',	'Costa Rican',	'188',	'Costa Rican colón (pl. colones)',	'CRC',	'céntimo',	'₡',	'Republic of Costa Rica',	'CR',	'CRI',	'Costa Rica',	'019',	'013',	0,	'506',	'CR.png'),
(191,	'Zagreb',	'Croatian',	'191',	'kuna (inv.)',	'HRK',	'lipa (inv.)',	'kn',	'Republic of Croatia',	'HR',	'HRV',	'Croatia',	'150',	'039',	1,	'385',	'HR.png'),
(192,	'Havana',	'Cuban',	'192',	'Cuban peso',	'CUP',	'centavo',	'₱',	'Republic of Cuba',	'CU',	'CUB',	'Cuba',	'019',	'029',	0,	'53',	'CU.png'),
(196,	'Nicosia',	'Cypriot',	'196',	'euro',	'EUR',	'cent',	'CYP',	'Republic of Cyprus',	'CY',	'CYP',	'Cyprus',	'142',	'145',	1,	'357',	'CY.png'),
(203,	'Prague',	'Czech',	'203',	'Czech koruna (pl. koruny)',	'CZK',	'halér',	'Kč',	'Czech Republic',	'CZ',	'CZE',	'Czech Republic',	'150',	'151',	1,	'420',	'CZ.png'),
(204,	'Porto Novo (BJ1)',	'Beninese',	'204',	'CFA franc (BCEAO)',	'XOF',	'centime',	'XOF',	'Republic of Benin',	'BJ',	'BEN',	'Benin',	'002',	'011',	0,	'229',	'BJ.png'),
(208,	'Copenhagen',	'Danish',	'208',	'Danish krone',	'DKK',	'øre (inv.)',	'kr',	'Kingdom of Denmark',	'DK',	'DNK',	'Denmark',	'150',	'154',	1,	'45',	'DK.png'),
(212,	'Roseau',	'Dominican',	'212',	'East Caribbean dollar',	'XCD',	'cent',	'$',	'Commonwealth of Dominica',	'DM',	'DMA',	'Dominica',	'019',	'029',	0,	'1',	'DM.png'),
(214,	'Santo Domingo',	'Dominican',	'214',	'Dominican peso',	'DOP',	'centavo',	'RD$',	'Dominican Republic',	'DO',	'DOM',	'Dominican Republic',	'019',	'029',	0,	'1',	'DO.png'),
(218,	'Quito',	'Ecuadorian',	'218',	'US dollar',	'USD',	'cent',	'$',	'Republic of Ecuador',	'EC',	'ECU',	'Ecuador',	'019',	'005',	0,	'593',	'EC.png'),
(222,	'San Salvador',	'Salvadoran',	'222',	'Salvadorian colón (pl. colones)',	'SVC',	'centavo',	'$',	'Republic of El Salvador',	'SV',	'SLV',	'El Salvador',	'019',	'013',	0,	'503',	'SV.png'),
(226,	'Malabo',	'Equatorial Guinean',	'226',	'CFA franc (BEAC)',	'XAF',	'centime',	'FCF',	'Republic of Equatorial Guinea',	'GQ',	'GNQ',	'Equatorial Guinea',	'002',	'017',	0,	'240',	'GQ.png'),
(231,	'Addis Ababa',	'Ethiopian',	'231',	'birr (inv.)',	'ETB',	'cent',	'ETB',	'Federal Democratic Republic of Ethiopia',	'ET',	'ETH',	'Ethiopia',	'002',	'014',	0,	'251',	'ET.png'),
(232,	'Asmara',	'Eritrean',	'232',	'nakfa',	'ERN',	'cent',	'Nfk',	'State of Eritrea',	'ER',	'ERI',	'Eritrea',	'002',	'014',	0,	'291',	'ER.png'),
(233,	'Tallinn',	'Estonian',	'233',	'euro',	'EUR',	'cent',	'kr',	'Republic of Estonia',	'EE',	'EST',	'Estonia',	'150',	'154',	1,	'372',	'EE.png'),
(234,	'Tórshavn',	'Faeroese',	'234',	'Danish krone',	'DKK',	'øre (inv.)',	'kr',	'Faeroe Islands',	'FO',	'FRO',	'Faroe Islands',	'150',	'154',	0,	'298',	'FO.png'),
(238,	'Stanley',	'Falkland Islander',	'238',	'Falkland Islands pound',	'FKP',	'new penny',	'£',	'Falkland Islands',	'FK',	'FLK',	'Falkland Islands (Malvinas)',	'019',	'005',	0,	'500',	'FK.png'),
(239,	'King Edward Point (Grytviken)',	'of South Georgia and the South Sandwich Islands',	'239',	'',	'',	'',	'£',	'South Georgia and the South Sandwich Islands',	'GS',	'SGS',	'South Georgia and the South Sandwich Islands',	'',	'',	0,	'44',	'GS.png'),
(242,	'Suva',	'Fijian',	'242',	'Fiji dollar',	'FJD',	'cent',	'$',	'Republic of Fiji',	'FJ',	'FJI',	'Fiji',	'009',	'054',	0,	'679',	'FJ.png'),
(246,	'Helsinki',	'Finnish',	'246',	'euro',	'EUR',	'cent',	'€',	'Republic of Finland',	'FI',	'FIN',	'Finland',	'150',	'154',	1,	'358',	'FI.png'),
(248,	'Mariehamn',	'Åland Islander',	'248',	'euro',	'EUR',	'cent',	NULL,	'Åland Islands',	'AX',	'ALA',	'Åland Islands',	'150',	'154',	0,	'358',	NULL),
(250,	'Paris',	'French',	'250',	'euro',	'EUR',	'cent',	'€',	'French Republic',	'FR',	'FRA',	'France',	'150',	'155',	1,	'33',	'FR.png'),
(254,	'Cayenne',	'Guianese',	'254',	'euro',	'EUR',	'cent',	'€',	'French Guiana',	'GF',	'GUF',	'French Guiana',	'019',	'005',	0,	'594',	'GF.png'),
(258,	'Papeete',	'Polynesian',	'258',	'CFP franc',	'XPF',	'centime',	'XPF',	'French Polynesia',	'PF',	'PYF',	'French Polynesia',	'009',	'061',	0,	'689',	'PF.png'),
(260,	'Port-aux-Francais',	'of French Southern and Antarctic Lands',	'260',	'euro',	'EUR',	'cent',	'€',	'French Southern and Antarctic Lands',	'TF',	'ATF',	'French Southern Territories',	'',	'',	0,	'33',	'TF.png'),
(262,	'Djibouti',	'Djiboutian',	'262',	'Djibouti franc',	'DJF',	'',	'DJF',	'Republic of Djibouti',	'DJ',	'DJI',	'Djibouti',	'002',	'014',	0,	'253',	'DJ.png'),
(266,	'Libreville',	'Gabonese',	'266',	'CFA franc (BEAC)',	'XAF',	'centime',	'FCF',	'Gabonese Republic',	'GA',	'GAB',	'Gabon',	'002',	'017',	0,	'241',	'GA.png'),
(268,	'Tbilisi',	'Georgian',	'268',	'lari',	'GEL',	'tetri (inv.)',	'GEL',	'Georgia',	'GE',	'GEO',	'Georgia',	'142',	'145',	0,	'995',	'GE.png'),
(270,	'Banjul',	'Gambian',	'270',	'dalasi (inv.)',	'GMD',	'butut',	'D',	'Republic of the Gambia',	'GM',	'GMB',	'Gambia',	'002',	'011',	0,	'220',	'GM.png'),
(275,	NULL,	'Palestinian',	'275',	NULL,	NULL,	NULL,	'₪',	NULL,	'PS',	'PSE',	'Palestinian Territory, Occupied',	'142',	'145',	0,	'970',	'PS.png'),
(276,	'Berlin',	'German',	'276',	'euro',	'EUR',	'cent',	'€',	'Federal Republic of Germany',	'DE',	'DEU',	'Germany',	'150',	'155',	1,	'49',	'DE.png'),
(288,	'Accra',	'Ghanaian',	'288',	'Ghana cedi',	'GHS',	'pesewa',	'¢',	'Republic of Ghana',	'GH',	'GHA',	'Ghana',	'002',	'011',	0,	'233',	'GH.png'),
(292,	'Gibraltar',	'Gibraltarian',	'292',	'Gibraltar pound',	'GIP',	'penny',	'£',	'Gibraltar',	'GI',	'GIB',	'Gibraltar',	'150',	'039',	0,	'350',	'GI.png'),
(296,	'Tarawa',	'Kiribatian',	'296',	'Australian dollar',	'AUD',	'cent',	'$',	'Republic of Kiribati',	'KI',	'KIR',	'Kiribati',	'009',	'057',	0,	'686',	'KI.png'),
(300,	'Athens',	'Greek',	'300',	'euro',	'EUR',	'cent',	'€',	'Hellenic Republic',	'GR',	'GRC',	'Greece',	'150',	'039',	1,	'30',	'GR.png'),
(304,	'Nuuk',	'Greenlander',	'304',	'Danish krone',	'DKK',	'øre (inv.)',	'kr',	'Greenland',	'GL',	'GRL',	'Greenland',	'019',	'021',	0,	'299',	'GL.png'),
(308,	'St George’s',	'Grenadian',	'308',	'East Caribbean dollar',	'XCD',	'cent',	'$',	'Grenada',	'GD',	'GRD',	'Grenada',	'019',	'029',	0,	'1',	'GD.png'),
(312,	'Basse Terre',	'Guadeloupean',	'312',	'euro',	'EUR',	'cent',	'€',	'Guadeloupe',	'GP',	'GLP',	'Guadeloupe',	'019',	'029',	0,	'590',	'GP.png'),
(316,	'Agaña (Hagåtña)',	'Guamanian',	'316',	'US dollar',	'USD',	'cent',	'$',	'Territory of Guam',	'GU',	'GUM',	'Guam',	'009',	'057',	0,	'1',	'GU.png'),
(320,	'Guatemala City',	'Guatemalan',	'320',	'quetzal (pl. quetzales)',	'GTQ',	'centavo',	'Q',	'Republic of Guatemala',	'GT',	'GTM',	'Guatemala',	'019',	'013',	0,	'502',	'GT.png'),
(324,	'Conakry',	'Guinean',	'324',	'Guinean franc',	'GNF',	'',	'GNF',	'Republic of Guinea',	'GN',	'GIN',	'Guinea',	'002',	'011',	0,	'224',	'GN.png'),
(328,	'Georgetown',	'Guyanese',	'328',	'Guyana dollar',	'GYD',	'cent',	'$',	'Cooperative Republic of Guyana',	'GY',	'GUY',	'Guyana',	'019',	'005',	0,	'592',	'GY.png'),
(332,	'Port-au-Prince',	'Haitian',	'332',	'gourde',	'HTG',	'centime',	'G',	'Republic of Haiti',	'HT',	'HTI',	'Haiti',	'019',	'029',	0,	'509',	'HT.png'),
(334,	'Territory of Heard Island and McDonald Islands',	'of Territory of Heard Island and McDonald Islands',	'334',	'',	'',	'',	'$',	'Territory of Heard Island and McDonald Islands',	'HM',	'HMD',	'Heard Island and McDonald Islands',	'',	'',	0,	'61',	'HM.png'),
(336,	'Vatican City',	'of the Holy See/of the Vatican',	'336',	'euro',	'EUR',	'cent',	'€',	'the Holy See/ Vatican City State',	'VA',	'VAT',	'Holy See (Vatican City State)',	'150',	'039',	0,	'39',	'VA.png'),
(340,	'Tegucigalpa',	'Honduran',	'340',	'lempira',	'HNL',	'centavo',	'L',	'Republic of Honduras',	'HN',	'HND',	'Honduras',	'019',	'013',	0,	'504',	'HN.png'),
(344,	'(HK3)',	'Hong Kong Chinese',	'344',	'Hong Kong dollar',	'HKD',	'cent',	'$',	'Hong Kong Special Administrative Region of the People’s Republic of China (HK2)',	'HK',	'HKG',	'Hong Kong',	'142',	'030',	0,	'852',	'HK.png'),
(348,	'Budapest',	'Hungarian',	'348',	'forint (inv.)',	'HUF',	'(fillér (inv.))',	'Ft',	'Republic of Hungary',	'HU',	'HUN',	'Hungary',	'150',	'151',	1,	'36',	'HU.png'),
(352,	'Reykjavik',	'Icelander',	'352',	'króna (pl. krónur)',	'ISK',	'',	'kr',	'Republic of Iceland',	'IS',	'ISL',	'Iceland',	'150',	'154',	0,	'354',	'IS.png'),
(356,	'New Delhi',	'Indian',	'356',	'Indian rupee',	'INR',	'paisa',	'₹',	'Republic of India',	'IN',	'IND',	'India',	'142',	'034',	0,	'91',	'IN.png'),
(360,	'Jakarta',	'Indonesian',	'360',	'Indonesian rupiah (inv.)',	'IDR',	'sen (inv.)',	'Rp',	'Republic of Indonesia',	'ID',	'IDN',	'Indonesia',	'142',	'035',	0,	'62',	'ID.png'),
(364,	'Tehran',	'Iranian',	'364',	'Iranian rial',	'IRR',	'(dinar) (IR1)',	'﷼',	'Islamic Republic of Iran',	'IR',	'IRN',	'Iran, Islamic Republic of',	'142',	'034',	0,	'98',	'IR.png'),
(368,	'Baghdad',	'Iraqi',	'368',	'Iraqi dinar',	'IQD',	'fils (inv.)',	'IQD',	'Republic of Iraq',	'IQ',	'IRQ',	'Iraq',	'142',	'145',	0,	'964',	'IQ.png'),
(372,	'Dublin',	'Irish',	'372',	'euro',	'EUR',	'cent',	'€',	'Ireland (IE1)',	'IE',	'IRL',	'Ireland',	'150',	'154',	1,	'353',	'IE.png'),
(376,	'(IL1)',	'Israeli',	'376',	'shekel',	'ILS',	'agora',	'₪',	'State of Israel',	'IL',	'ISR',	'Israel',	'142',	'145',	0,	'972',	'IL.png'),
(380,	'Rome',	'Italian',	'380',	'euro',	'EUR',	'cent',	'€',	'Italian Republic',	'IT',	'ITA',	'Italy',	'150',	'039',	1,	'39',	'IT.png'),
(384,	'Yamoussoukro (CI1)',	'Ivorian',	'384',	'CFA franc (BCEAO)',	'XOF',	'centime',	'XOF',	'Republic of Côte d’Ivoire',	'CI',	'CIV',	'Côte d\'Ivoire',	'002',	'011',	0,	'225',	'CI.png'),
(388,	'Kingston',	'Jamaican',	'388',	'Jamaica dollar',	'JMD',	'cent',	'$',	'Jamaica',	'JM',	'JAM',	'Jamaica',	'019',	'029',	0,	'1',	'JM.png'),
(392,	'Tokyo',	'Japanese',	'392',	'yen (inv.)',	'JPY',	'(sen (inv.)) (JP1)',	'¥',	'Japan',	'JP',	'JPN',	'Japan',	'142',	'030',	0,	'81',	'JP.png'),
(398,	'Astana',	'Kazakh',	'398',	'tenge (inv.)',	'KZT',	'tiyn',	'лв',	'Republic of Kazakhstan',	'KZ',	'KAZ',	'Kazakhstan',	'142',	'143',	0,	'7',	'KZ.png'),
(400,	'Amman',	'Jordanian',	'400',	'Jordanian dinar',	'JOD',	'100 qirsh',	'JOD',	'Hashemite Kingdom of Jordan',	'JO',	'JOR',	'Jordan',	'142',	'145',	0,	'962',	'JO.png'),
(404,	'Nairobi',	'Kenyan',	'404',	'Kenyan shilling',	'KES',	'cent',	'KES',	'Republic of Kenya',	'KE',	'KEN',	'Kenya',	'002',	'014',	0,	'254',	'KE.png'),
(408,	'Pyongyang',	'North Korean',	'408',	'North Korean won (inv.)',	'KPW',	'chun (inv.)',	'₩',	'Democratic People’s Republic of Korea',	'KP',	'PRK',	'Korea, Democratic People\'s Republic of',	'142',	'030',	0,	'850',	'KP.png'),
(410,	'Seoul',	'South Korean',	'410',	'South Korean won (inv.)',	'KRW',	'(chun (inv.))',	'₩',	'Republic of Korea',	'KR',	'KOR',	'Korea, Republic of',	'142',	'030',	0,	'82',	'KR.png'),
(414,	'Kuwait City',	'Kuwaiti',	'414',	'Kuwaiti dinar',	'KWD',	'fils (inv.)',	'KWD',	'State of Kuwait',	'KW',	'KWT',	'Kuwait',	'142',	'145',	0,	'965',	'KW.png'),
(417,	'Bishkek',	'Kyrgyz',	'417',	'som',	'KGS',	'tyiyn',	'лв',	'Kyrgyz Republic',	'KG',	'KGZ',	'Kyrgyzstan',	'142',	'143',	0,	'996',	'KG.png'),
(418,	'Vientiane',	'Lao',	'418',	'kip (inv.)',	'LAK',	'(at (inv.))',	'₭',	'Lao People’s Democratic Republic',	'LA',	'LAO',	'Lao People\'s Democratic Republic',	'142',	'035',	0,	'856',	'LA.png'),
(422,	'Beirut',	'Lebanese',	'422',	'Lebanese pound',	'LBP',	'(piastre)',	'£',	'Lebanese Republic',	'LB',	'LBN',	'Lebanon',	'142',	'145',	0,	'961',	'LB.png'),
(426,	'Maseru',	'Basotho',	'426',	'loti (pl. maloti)',	'LSL',	'sente',	'L',	'Kingdom of Lesotho',	'LS',	'LSO',	'Lesotho',	'002',	'018',	0,	'266',	'LS.png'),
(428,	'Riga',	'Latvian',	'428',	'euro',	'EUR',	'cent',	'Ls',	'Republic of Latvia',	'LV',	'LVA',	'Latvia',	'150',	'154',	1,	'371',	'LV.png'),
(430,	'Monrovia',	'Liberian',	'430',	'Liberian dollar',	'LRD',	'cent',	'$',	'Republic of Liberia',	'LR',	'LBR',	'Liberia',	'002',	'011',	0,	'231',	'LR.png'),
(434,	'Tripoli',	'Libyan',	'434',	'Libyan dinar',	'LYD',	'dirham',	'LYD',	'Socialist People’s Libyan Arab Jamahiriya',	'LY',	'LBY',	'Libya',	'002',	'015',	0,	'218',	'LY.png'),
(438,	'Vaduz',	'Liechtensteiner',	'438',	'Swiss franc',	'CHF',	'centime',	'CHF',	'Principality of Liechtenstein',	'LI',	'LIE',	'Liechtenstein',	'150',	'155',	0,	'423',	'LI.png'),
(440,	'Vilnius',	'Lithuanian',	'440',	'euro',	'EUR',	'cent',	'Lt',	'Republic of Lithuania',	'LT',	'LTU',	'Lithuania',	'150',	'154',	1,	'370',	'LT.png'),
(442,	'Luxembourg',	'Luxembourger',	'442',	'euro',	'EUR',	'cent',	'€',	'Grand Duchy of Luxembourg',	'LU',	'LUX',	'Luxembourg',	'150',	'155',	1,	'352',	'LU.png'),
(446,	'Macao (MO3)',	'Macanese',	'446',	'pataca',	'MOP',	'avo',	'MOP',	'Macao Special Administrative Region of the People’s Republic of China (MO2)',	'MO',	'MAC',	'Macao',	'142',	'030',	0,	'853',	'MO.png'),
(450,	'Antananarivo',	'Malagasy',	'450',	'ariary',	'MGA',	'iraimbilanja (inv.)',	'MGA',	'Republic of Madagascar',	'MG',	'MDG',	'Madagascar',	'002',	'014',	0,	'261',	'MG.png'),
(454,	'Lilongwe',	'Malawian',	'454',	'Malawian kwacha (inv.)',	'MWK',	'tambala (inv.)',	'MK',	'Republic of Malawi',	'MW',	'MWI',	'Malawi',	'002',	'014',	0,	'265',	'MW.png'),
(458,	'Kuala Lumpur (MY1)',	'Malaysian',	'458',	'ringgit (inv.)',	'MYR',	'sen (inv.)',	'RM',	'Malaysia',	'MY',	'MYS',	'Malaysia',	'142',	'035',	0,	'60',	'MY.png'),
(462,	'Malé',	'Maldivian',	'462',	'rufiyaa',	'MVR',	'laari (inv.)',	'Rf',	'Republic of Maldives',	'MV',	'MDV',	'Maldives',	'142',	'034',	0,	'960',	'MV.png'),
(466,	'Bamako',	'Malian',	'466',	'CFA franc (BCEAO)',	'XOF',	'centime',	'XOF',	'Republic of Mali',	'ML',	'MLI',	'Mali',	'002',	'011',	0,	'223',	'ML.png'),
(470,	'Valletta',	'Maltese',	'470',	'euro',	'EUR',	'cent',	'MTL',	'Republic of Malta',	'MT',	'MLT',	'Malta',	'150',	'039',	1,	'356',	'MT.png'),
(474,	'Fort-de-France',	'Martinican',	'474',	'euro',	'EUR',	'cent',	'€',	'Martinique',	'MQ',	'MTQ',	'Martinique',	'019',	'029',	0,	'596',	'MQ.png'),
(478,	'Nouakchott',	'Mauritanian',	'478',	'ouguiya',	'MRO',	'khoum',	'UM',	'Islamic Republic of Mauritania',	'MR',	'MRT',	'Mauritania',	'002',	'011',	0,	'222',	'MR.png'),
(480,	'Port Louis',	'Mauritian',	'480',	'Mauritian rupee',	'MUR',	'cent',	'₨',	'Republic of Mauritius',	'MU',	'MUS',	'Mauritius',	'002',	'014',	0,	'230',	'MU.png'),
(484,	'Mexico City',	'Mexican',	'484',	'Mexican peso',	'MXN',	'centavo',	'$',	'United Mexican States',	'MX',	'MEX',	'Mexico',	'019',	'013',	0,	'52',	'MX.png'),
(492,	'Monaco',	'Monegasque',	'492',	'euro',	'EUR',	'cent',	'€',	'Principality of Monaco',	'MC',	'MCO',	'Monaco',	'150',	'155',	0,	'377',	'MC.png'),
(496,	'Ulan Bator',	'Mongolian',	'496',	'tugrik',	'MNT',	'möngö (inv.)',	'₮',	'Mongolia',	'MN',	'MNG',	'Mongolia',	'142',	'030',	0,	'976',	'MN.png'),
(498,	'Chisinau',	'Moldovan',	'498',	'Moldovan leu (pl. lei)',	'MDL',	'ban',	'MDL',	'Republic of Moldova',	'MD',	'MDA',	'Moldova, Republic of',	'150',	'151',	0,	'373',	'MD.png'),
(499,	'Podgorica',	'Montenegrin',	'499',	'euro',	'EUR',	'cent',	'€',	'Montenegro',	'ME',	'MNE',	'Montenegro',	'150',	'039',	0,	'382',	'ME.png'),
(500,	'Plymouth (MS2)',	'Montserratian',	'500',	'East Caribbean dollar',	'XCD',	'cent',	'$',	'Montserrat',	'MS',	'MSR',	'Montserrat',	'019',	'029',	0,	'1',	'MS.png'),
(504,	'Rabat',	'Moroccan',	'504',	'Moroccan dirham',	'MAD',	'centime',	'MAD',	'Kingdom of Morocco',	'MA',	'MAR',	'Morocco',	'002',	'015',	0,	'212',	'MA.png'),
(508,	'Maputo',	'Mozambican',	'508',	'metical',	'MZN',	'centavo',	'MT',	'Republic of Mozambique',	'MZ',	'MOZ',	'Mozambique',	'002',	'014',	0,	'258',	'MZ.png'),
(512,	'Muscat',	'Omani',	'512',	'Omani rial',	'OMR',	'baiza',	'﷼',	'Sultanate of Oman',	'OM',	'OMN',	'Oman',	'142',	'145',	0,	'968',	'OM.png'),
(516,	'Windhoek',	'Namibian',	'516',	'Namibian dollar',	'NAD',	'cent',	'$',	'Republic of Namibia',	'NA',	'NAM',	'Namibia',	'002',	'018',	0,	'264',	'NA.png'),
(520,	'Yaren',	'Nauruan',	'520',	'Australian dollar',	'AUD',	'cent',	'$',	'Republic of Nauru',	'NR',	'NRU',	'Nauru',	'009',	'057',	0,	'674',	'NR.png'),
(524,	'Kathmandu',	'Nepalese',	'524',	'Nepalese rupee',	'NPR',	'paisa (inv.)',	'₨',	'Nepal',	'NP',	'NPL',	'Nepal',	'142',	'034',	0,	'977',	'NP.png'),
(528,	'Amsterdam (NL2)',	'Dutch',	'528',	'euro',	'EUR',	'cent',	'€',	'Kingdom of the Netherlands',	'NL',	'NLD',	'Netherlands',	'150',	'155',	1,	'31',	'NL.png'),
(531,	'Willemstad',	'Curaçaoan',	'531',	'Netherlands Antillean guilder (CW1)',	'ANG',	'cent',	NULL,	'Curaçao',	'CW',	'CUW',	'Curaçao',	'019',	'029',	0,	'599',	NULL),
(533,	'Oranjestad',	'Aruban',	'533',	'Aruban guilder',	'AWG',	'cent',	'ƒ',	'Aruba',	'AW',	'ABW',	'Aruba',	'019',	'029',	0,	'297',	'AW.png'),
(534,	'Philipsburg',	'Sint Maartener',	'534',	'Netherlands Antillean guilder (SX1)',	'ANG',	'cent',	NULL,	'Sint Maarten',	'SX',	'SXM',	'Sint Maarten (Dutch part)',	'019',	'029',	0,	'721',	NULL),
(535,	NULL,	'of Bonaire, Sint Eustatius and Saba',	'535',	'US dollar',	'USD',	'cent',	NULL,	NULL,	'BQ',	'BES',	'Bonaire, Sint Eustatius and Saba',	'019',	'029',	0,	'599',	NULL),
(540,	'Nouméa',	'New Caledonian',	'540',	'CFP franc',	'XPF',	'centime',	'XPF',	'New Caledonia',	'NC',	'NCL',	'New Caledonia',	'009',	'054',	0,	'687',	'NC.png'),
(548,	'Port Vila',	'Vanuatuan',	'548',	'vatu (inv.)',	'VUV',	'',	'Vt',	'Republic of Vanuatu',	'VU',	'VUT',	'Vanuatu',	'009',	'054',	0,	'678',	'VU.png'),
(554,	'Wellington',	'New Zealander',	'554',	'New Zealand dollar',	'NZD',	'cent',	'$',	'New Zealand',	'NZ',	'NZL',	'New Zealand',	'009',	'053',	0,	'64',	'NZ.png'),
(558,	'Managua',	'Nicaraguan',	'558',	'córdoba oro',	'NIO',	'centavo',	'C$',	'Republic of Nicaragua',	'NI',	'NIC',	'Nicaragua',	'019',	'013',	0,	'505',	'NI.png'),
(562,	'Niamey',	'Nigerien',	'562',	'CFA franc (BCEAO)',	'XOF',	'centime',	'XOF',	'Republic of Niger',	'NE',	'NER',	'Niger',	'002',	'011',	0,	'227',	'NE.png'),
(566,	'Abuja',	'Nigerian',	'566',	'naira (inv.)',	'NGN',	'kobo (inv.)',	'₦',	'Federal Republic of Nigeria',	'NG',	'NGA',	'Nigeria',	'002',	'011',	0,	'234',	'NG.png'),
(570,	'Alofi',	'Niuean',	'570',	'New Zealand dollar',	'NZD',	'cent',	'$',	'Niue',	'NU',	'NIU',	'Niue',	'009',	'061',	0,	'683',	'NU.png'),
(574,	'Kingston',	'Norfolk Islander',	'574',	'Australian dollar',	'AUD',	'cent',	'$',	'Territory of Norfolk Island',	'NF',	'NFK',	'Norfolk Island',	'009',	'053',	0,	'672',	'NF.png'),
(578,	'Oslo',	'Norwegian',	'578',	'Norwegian krone (pl. kroner)',	'NOK',	'øre (inv.)',	'kr',	'Kingdom of Norway',	'NO',	'NOR',	'Norway',	'150',	'154',	0,	'47',	'NO.png'),
(580,	'Saipan',	'Northern Mariana Islander',	'580',	'US dollar',	'USD',	'cent',	'$',	'Commonwealth of the Northern Mariana Islands',	'MP',	'MNP',	'Northern Mariana Islands',	'009',	'057',	0,	'1',	'MP.png'),
(581,	'United States Minor Outlying Islands',	'of United States Minor Outlying Islands',	'581',	'US dollar',	'USD',	'cent',	'$',	'United States Minor Outlying Islands',	'UM',	'UMI',	'United States Minor Outlying Islands',	'',	'',	0,	'1',	'UM.png'),
(583,	'Palikir',	'Micronesian',	'583',	'US dollar',	'USD',	'cent',	'$',	'Federated States of Micronesia',	'FM',	'FSM',	'Micronesia, Federated States of',	'009',	'057',	0,	'691',	'FM.png'),
(584,	'Majuro',	'Marshallese',	'584',	'US dollar',	'USD',	'cent',	'$',	'Republic of the Marshall Islands',	'MH',	'MHL',	'Marshall Islands',	'009',	'057',	0,	'692',	'MH.png'),
(585,	'Melekeok',	'Palauan',	'585',	'US dollar',	'USD',	'cent',	'$',	'Republic of Palau',	'PW',	'PLW',	'Palau',	'009',	'057',	0,	'680',	'PW.png'),
(586,	'Islamabad',	'Pakistani',	'586',	'Pakistani rupee',	'PKR',	'paisa',	'₨',	'Islamic Republic of Pakistan',	'PK',	'PAK',	'Pakistan',	'142',	'034',	0,	'92',	'PK.png'),
(591,	'Panama City',	'Panamanian',	'591',	'balboa',	'PAB',	'centésimo',	'B/.',	'Republic of Panama',	'PA',	'PAN',	'Panama',	'019',	'013',	0,	'507',	'PA.png'),
(598,	'Port Moresby',	'Papua New Guinean',	'598',	'kina (inv.)',	'PGK',	'toea (inv.)',	'PGK',	'Independent State of Papua New Guinea',	'PG',	'PNG',	'Papua New Guinea',	'009',	'054',	0,	'675',	'PG.png'),
(600,	'Asunción',	'Paraguayan',	'600',	'guaraní',	'PYG',	'céntimo',	'Gs',	'Republic of Paraguay',	'PY',	'PRY',	'Paraguay',	'019',	'005',	0,	'595',	'PY.png'),
(604,	'Lima',	'Peruvian',	'604',	'new sol',	'PEN',	'céntimo',	'S/.',	'Republic of Peru',	'PE',	'PER',	'Peru',	'019',	'005',	0,	'51',	'PE.png'),
(608,	'Manila',	'Filipino',	'608',	'Philippine peso',	'PHP',	'centavo',	'Php',	'Republic of the Philippines',	'PH',	'PHL',	'Philippines',	'142',	'035',	0,	'63',	'PH.png'),
(612,	'Adamstown',	'Pitcairner',	'612',	'New Zealand dollar',	'NZD',	'cent',	'$',	'Pitcairn Islands',	'PN',	'PCN',	'Pitcairn',	'009',	'061',	0,	'649',	'PN.png'),
(616,	'Warsaw',	'Polish',	'616',	'zloty',	'PLN',	'grosz (pl. groszy)',	'zł',	'Republic of Poland',	'PL',	'POL',	'Poland',	'150',	'151',	1,	'48',	'PL.png'),
(620,	'Lisbon',	'Portuguese',	'620',	'euro',	'EUR',	'cent',	'€',	'Portuguese Republic',	'PT',	'PRT',	'Portugal',	'150',	'039',	1,	'351',	'PT.png'),
(624,	'Bissau',	'Guinea-Bissau national',	'624',	'CFA franc (BCEAO)',	'XOF',	'centime',	'XOF',	'Republic of Guinea-Bissau',	'GW',	'GNB',	'Guinea-Bissau',	'002',	'011',	0,	'245',	'GW.png'),
(626,	'Dili',	'East Timorese',	'626',	'US dollar',	'USD',	'cent',	'$',	'Democratic Republic of East Timor',	'TL',	'TLS',	'Timor-Leste',	'142',	'035',	0,	'670',	'TL.png'),
(630,	'San Juan',	'Puerto Rican',	'630',	'US dollar',	'USD',	'cent',	'$',	'Commonwealth of Puerto Rico',	'PR',	'PRI',	'Puerto Rico',	'019',	'029',	0,	'1',	'PR.png'),
(634,	'Doha',	'Qatari',	'634',	'Qatari riyal',	'QAR',	'dirham',	'﷼',	'State of Qatar',	'QA',	'QAT',	'Qatar',	'142',	'145',	0,	'974',	'QA.png'),
(638,	'Saint-Denis',	'Reunionese',	'638',	'euro',	'EUR',	'cent',	'€',	'Réunion',	'RE',	'REU',	'Réunion',	'002',	'014',	0,	'262',	'RE.png'),
(642,	'Bucharest',	'Romanian',	'642',	'Romanian leu (pl. lei)',	'RON',	'ban (pl. bani)',	'lei',	'Romania',	'RO',	'ROU',	'Romania',	'150',	'151',	1,	'40',	'RO.png'),
(643,	'Moscow',	'Russian',	'643',	'Russian rouble',	'RUB',	'kopek',	'руб',	'Russian Federation',	'RU',	'RUS',	'Russian Federation',	'150',	'151',	0,	'7',	'RU.png'),
(646,	'Kigali',	'Rwandan; Rwandese',	'646',	'Rwandese franc',	'RWF',	'centime',	'RWF',	'Republic of Rwanda',	'RW',	'RWA',	'Rwanda',	'002',	'014',	0,	'250',	'RW.png'),
(652,	'Gustavia',	'of Saint Barthélemy',	'652',	'euro',	'EUR',	'cent',	NULL,	'Collectivity of Saint Barthélemy',	'BL',	'BLM',	'Saint Barthélemy',	'019',	'029',	0,	'590',	NULL),
(654,	'Jamestown',	'Saint Helenian',	'654',	'Saint Helena pound',	'SHP',	'penny',	'£',	'Saint Helena, Ascension and Tristan da Cunha',	'SH',	'SHN',	'Saint Helena, Ascension and Tristan da Cunha',	'002',	'011',	0,	'290',	'SH.png'),
(659,	'Basseterre',	'Kittsian; Nevisian',	'659',	'East Caribbean dollar',	'XCD',	'cent',	'$',	'Federation of Saint Kitts and Nevis',	'KN',	'KNA',	'Saint Kitts and Nevis',	'019',	'029',	0,	'1',	'KN.png'),
(660,	'The Valley',	'Anguillan',	'660',	'East Caribbean dollar',	'XCD',	'cent',	'$',	'Anguilla',	'AI',	'AIA',	'Anguilla',	'019',	'029',	0,	'1',	'AI.png'),
(662,	'Castries',	'Saint Lucian',	'662',	'East Caribbean dollar',	'XCD',	'cent',	'$',	'Saint Lucia',	'LC',	'LCA',	'Saint Lucia',	'019',	'029',	0,	'1',	'LC.png'),
(663,	'Marigot',	'of Saint Martin',	'663',	'euro',	'EUR',	'cent',	NULL,	'Collectivity of Saint Martin',	'MF',	'MAF',	'Saint Martin (French part)',	'019',	'029',	0,	'590',	NULL),
(666,	'Saint-Pierre',	'St-Pierrais; Miquelonnais',	'666',	'euro',	'EUR',	'cent',	'€',	'Territorial Collectivity of Saint Pierre and Miquelon',	'PM',	'SPM',	'Saint Pierre and Miquelon',	'019',	'021',	0,	'508',	'PM.png'),
(670,	'Kingstown',	'Vincentian',	'670',	'East Caribbean dollar',	'XCD',	'cent',	'$',	'Saint Vincent and the Grenadines',	'VC',	'VCT',	'Saint Vincent and the Grenadines',	'019',	'029',	0,	'1',	'VC.png'),
(674,	'San Marino',	'San Marinese',	'674',	'euro',	'EUR',	'cent',	'€',	'Republic of San Marino',	'SM',	'SMR',	'San Marino',	'150',	'039',	0,	'378',	'SM.png'),
(678,	'São Tomé',	'São Toméan',	'678',	'dobra',	'STD',	'centavo',	'Db',	'Democratic Republic of São Tomé and Príncipe',	'ST',	'STP',	'Sao Tome and Principe',	'002',	'017',	0,	'239',	'ST.png'),
(682,	'Riyadh',	'Saudi Arabian',	'682',	'riyal',	'SAR',	'halala',	'﷼',	'Kingdom of Saudi Arabia',	'SA',	'SAU',	'Saudi Arabia',	'142',	'145',	0,	'966',	'SA.png'),
(686,	'Dakar',	'Senegalese',	'686',	'CFA franc (BCEAO)',	'XOF',	'centime',	'XOF',	'Republic of Senegal',	'SN',	'SEN',	'Senegal',	'002',	'011',	0,	'221',	'SN.png'),
(688,	'Belgrade',	'Serb',	'688',	'Serbian dinar',	'RSD',	'para (inv.)',	NULL,	'Republic of Serbia',	'RS',	'SRB',	'Serbia',	'150',	'039',	0,	'381',	NULL),
(690,	'Victoria',	'Seychellois',	'690',	'Seychelles rupee',	'SCR',	'cent',	'₨',	'Republic of Seychelles',	'SC',	'SYC',	'Seychelles',	'002',	'014',	0,	'248',	'SC.png'),
(694,	'Freetown',	'Sierra Leonean',	'694',	'leone',	'SLL',	'cent',	'Le',	'Republic of Sierra Leone',	'SL',	'SLE',	'Sierra Leone',	'002',	'011',	0,	'232',	'SL.png'),
(702,	'Singapore',	'Singaporean',	'702',	'Singapore dollar',	'SGD',	'cent',	'$',	'Republic of Singapore',	'SG',	'SGP',	'Singapore',	'142',	'035',	0,	'65',	'SG.png'),
(703,	'Bratislava',	'Slovak',	'703',	'euro',	'EUR',	'cent',	'Sk',	'Slovak Republic',	'SK',	'SVK',	'Slovakia',	'150',	'151',	1,	'421',	'SK.png'),
(704,	'Hanoi',	'Vietnamese',	'704',	'dong',	'VND',	'(10 hào',	'₫',	'Socialist Republic of Vietnam',	'VN',	'VNM',	'Viet Nam',	'142',	'035',	0,	'84',	'VN.png'),
(705,	'Ljubljana',	'Slovene',	'705',	'euro',	'EUR',	'cent',	'€',	'Republic of Slovenia',	'SI',	'SVN',	'Slovenia',	'150',	'039',	1,	'386',	'SI.png'),
(706,	'Mogadishu',	'Somali',	'706',	'Somali shilling',	'SOS',	'cent',	'S',	'Somali Republic',	'SO',	'SOM',	'Somalia',	'002',	'014',	0,	'252',	'SO.png'),
(710,	'Pretoria (ZA1)',	'South African',	'710',	'rand',	'ZAR',	'cent',	'R',	'Republic of South Africa',	'ZA',	'ZAF',	'South Africa',	'002',	'018',	0,	'27',	'ZA.png'),
(716,	'Harare',	'Zimbabwean',	'716',	'Zimbabwe dollar (ZW1)',	'ZWL',	'cent',	'Z$',	'Republic of Zimbabwe',	'ZW',	'ZWE',	'Zimbabwe',	'002',	'014',	0,	'263',	'ZW.png'),
(724,	'Madrid',	'Spaniard',	'724',	'euro',	'EUR',	'cent',	'€',	'Kingdom of Spain',	'ES',	'ESP',	'Spain',	'150',	'039',	1,	'34',	'ES.png'),
(728,	'Juba',	'South Sudanese',	'728',	'South Sudanese pound',	'SSP',	'piaster',	NULL,	'Republic of South Sudan',	'SS',	'SSD',	'South Sudan',	'002',	'015',	0,	'211',	NULL),
(729,	'Khartoum',	'Sudanese',	'729',	'Sudanese pound',	'SDG',	'piastre',	NULL,	'Republic of the Sudan',	'SD',	'SDN',	'Sudan',	'002',	'015',	0,	'249',	NULL),
(732,	'Al aaiun',	'Sahrawi',	'732',	'Moroccan dirham',	'MAD',	'centime',	'MAD',	'Western Sahara',	'EH',	'ESH',	'Western Sahara',	'002',	'015',	0,	'212',	'EH.png'),
(740,	'Paramaribo',	'Surinamese',	'740',	'Surinamese dollar',	'SRD',	'cent',	'$',	'Republic of Suriname',	'SR',	'SUR',	'Suriname',	'019',	'005',	0,	'597',	'SR.png'),
(744,	'Longyearbyen',	'of Svalbard',	'744',	'Norwegian krone (pl. kroner)',	'NOK',	'øre (inv.)',	'kr',	'Svalbard and Jan Mayen',	'SJ',	'SJM',	'Svalbard and Jan Mayen',	'150',	'154',	0,	'47',	'SJ.png'),
(748,	'Mbabane',	'Swazi',	'748',	'lilangeni',	'SZL',	'cent',	'SZL',	'Kingdom of Swaziland',	'SZ',	'SWZ',	'Swaziland',	'002',	'018',	0,	'268',	'SZ.png'),
(752,	'Stockholm',	'Swedish',	'752',	'krona (pl. kronor)',	'SEK',	'öre (inv.)',	'kr',	'Kingdom of Sweden',	'SE',	'SWE',	'Sweden',	'150',	'154',	1,	'46',	'SE.png'),
(756,	'Berne',	'Swiss',	'756',	'Swiss franc',	'CHF',	'centime',	'CHF',	'Swiss Confederation',	'CH',	'CHE',	'Switzerland',	'150',	'155',	0,	'41',	'CH.png'),
(760,	'Damascus',	'Syrian',	'760',	'Syrian pound',	'SYP',	'piastre',	'£',	'Syrian Arab Republic',	'SY',	'SYR',	'Syrian Arab Republic',	'142',	'145',	0,	'963',	'SY.png'),
(762,	'Dushanbe',	'Tajik',	'762',	'somoni',	'TJS',	'diram',	'TJS',	'Republic of Tajikistan',	'TJ',	'TJK',	'Tajikistan',	'142',	'143',	0,	'992',	'TJ.png'),
(764,	'Bangkok',	'Thai',	'764',	'baht (inv.)',	'THB',	'satang (inv.)',	'฿',	'Kingdom of Thailand',	'TH',	'THA',	'Thailand',	'142',	'035',	0,	'66',	'TH.png'),
(768,	'Lomé',	'Togolese',	'768',	'CFA franc (BCEAO)',	'XOF',	'centime',	'XOF',	'Togolese Republic',	'TG',	'TGO',	'Togo',	'002',	'011',	0,	'228',	'TG.png'),
(772,	'(TK2)',	'Tokelauan',	'772',	'New Zealand dollar',	'NZD',	'cent',	'$',	'Tokelau',	'TK',	'TKL',	'Tokelau',	'009',	'061',	0,	'690',	'TK.png'),
(776,	'Nuku’alofa',	'Tongan',	'776',	'pa’anga (inv.)',	'TOP',	'seniti (inv.)',	'T$',	'Kingdom of Tonga',	'TO',	'TON',	'Tonga',	'009',	'061',	0,	'676',	'TO.png'),
(780,	'Port of Spain',	'Trinidadian; Tobagonian',	'780',	'Trinidad and Tobago dollar',	'TTD',	'cent',	'TT$',	'Republic of Trinidad and Tobago',	'TT',	'TTO',	'Trinidad and Tobago',	'019',	'029',	0,	'1',	'TT.png'),
(784,	'Abu Dhabi',	'Emirian',	'784',	'UAE dirham',	'AED',	'fils (inv.)',	'AED',	'United Arab Emirates',	'AE',	'ARE',	'United Arab Emirates',	'142',	'145',	0,	'971',	'AE.png'),
(788,	'Tunis',	'Tunisian',	'788',	'Tunisian dinar',	'TND',	'millime',	'TND',	'Republic of Tunisia',	'TN',	'TUN',	'Tunisia',	'002',	'015',	0,	'216',	'TN.png'),
(792,	'Ankara',	'Turk',	'792',	'Turkish lira (inv.)',	'TRY',	'kurus (inv.)',	'₺',	'Republic of Turkey',	'TR',	'TUR',	'Turkey',	'142',	'145',	0,	'90',	'TR.png'),
(795,	'Ashgabat',	'Turkmen',	'795',	'Turkmen manat (inv.)',	'TMT',	'tenge (inv.)',	'm',	'Turkmenistan',	'TM',	'TKM',	'Turkmenistan',	'142',	'143',	0,	'993',	'TM.png'),
(796,	'Cockburn Town',	'Turks and Caicos Islander',	'796',	'US dollar',	'USD',	'cent',	'$',	'Turks and Caicos Islands',	'TC',	'TCA',	'Turks and Caicos Islands',	'019',	'029',	0,	'1',	'TC.png'),
(798,	'Funafuti',	'Tuvaluan',	'798',	'Australian dollar',	'AUD',	'cent',	'$',	'Tuvalu',	'TV',	'TUV',	'Tuvalu',	'009',	'061',	0,	'688',	'TV.png'),
(800,	'Kampala',	'Ugandan',	'800',	'Uganda shilling',	'UGX',	'cent',	'UGX',	'Republic of Uganda',	'UG',	'UGA',	'Uganda',	'002',	'014',	0,	'256',	'UG.png'),
(804,	'Kiev',	'Ukrainian',	'804',	'hryvnia',	'UAH',	'kopiyka',	'₴',	'Ukraine',	'UA',	'UKR',	'Ukraine',	'150',	'151',	0,	'380',	'UA.png'),
(807,	'Skopje',	'of the former Yugoslav Republic of Macedonia',	'807',	'denar (pl. denars)',	'MKD',	'deni (inv.)',	'ден',	'the former Yugoslav Republic of Macedonia',	'MK',	'MKD',	'Macedonia, the former Yugoslav Republic of',	'150',	'039',	0,	'389',	'MK.png'),
(818,	'Cairo',	'Egyptian',	'818',	'Egyptian pound',	'EGP',	'piastre',	'£',	'Arab Republic of Egypt',	'EG',	'EGY',	'Egypt',	'002',	'015',	0,	'20',	'EG.png'),
(826,	'London',	'British',	'826',	'pound sterling',	'GBP',	'penny (pl. pence)',	'£',	'United Kingdom of Great Britain and Northern Ireland',	'GB',	'GBR',	'United Kingdom',	'150',	'154',	1,	'44',	'GB.png'),
(831,	'St Peter Port',	'of Guernsey',	'831',	'Guernsey pound (GG2)',	'GGP (GG2)',	'penny (pl. pence)',	NULL,	'Bailiwick of Guernsey',	'GG',	'GGY',	'Guernsey',	'150',	'154',	0,	'44',	NULL),
(832,	'St Helier',	'of Jersey',	'832',	'Jersey pound (JE2)',	'JEP (JE2)',	'penny (pl. pence)',	NULL,	'Bailiwick of Jersey',	'JE',	'JEY',	'Jersey',	'150',	'154',	0,	'44',	NULL),
(833,	'Douglas',	'Manxman; Manxwoman',	'833',	'Manx pound (IM2)',	'IMP (IM2)',	'penny (pl. pence)',	NULL,	'Isle of Man',	'IM',	'IMN',	'Isle of Man',	'150',	'154',	0,	'44',	NULL),
(834,	'Dodoma (TZ1)',	'Tanzanian',	'834',	'Tanzanian shilling',	'TZS',	'cent',	'TZS',	'United Republic of Tanzania',	'TZ',	'TZA',	'Tanzania, United Republic of',	'002',	'014',	0,	'255',	'TZ.png'),
(840,	'Washington DC',	'American',	'840',	'US dollar',	'USD',	'cent',	'$',	'United States of America',	'US',	'USA',	'United States',	'019',	'021',	0,	'1',	'US.png'),
(850,	'Charlotte Amalie',	'US Virgin Islander',	'850',	'US dollar',	'USD',	'cent',	'$',	'United States Virgin Islands',	'VI',	'VIR',	'Virgin Islands, U.S.',	'019',	'029',	0,	'1',	'VI.png'),
(854,	'Ouagadougou',	'Burkinabe',	'854',	'CFA franc (BCEAO)',	'XOF',	'centime',	'XOF',	'Burkina Faso',	'BF',	'BFA',	'Burkina Faso',	'002',	'011',	0,	'226',	'BF.png'),
(858,	'Montevideo',	'Uruguayan',	'858',	'Uruguayan peso',	'UYU',	'centésimo',	'$U',	'Eastern Republic of Uruguay',	'UY',	'URY',	'Uruguay',	'019',	'005',	0,	'598',	'UY.png'),
(860,	'Tashkent',	'Uzbek',	'860',	'sum (inv.)',	'UZS',	'tiyin (inv.)',	'лв',	'Republic of Uzbekistan',	'UZ',	'UZB',	'Uzbekistan',	'142',	'143',	0,	'998',	'UZ.png'),
(862,	'Caracas',	'Venezuelan',	'862',	'bolívar fuerte (pl. bolívares fuertes)',	'VEF',	'céntimo',	'Bs',	'Bolivarian Republic of Venezuela',	'VE',	'VEN',	'Venezuela, Bolivarian Republic of',	'019',	'005',	0,	'58',	'VE.png'),
(876,	'Mata-Utu',	'Wallisian; Futunan; Wallis and Futuna Islander',	'876',	'CFP franc',	'XPF',	'centime',	'XPF',	'Wallis and Futuna',	'WF',	'WLF',	'Wallis and Futuna',	'009',	'061',	0,	'681',	'WF.png'),
(882,	'Apia',	'Samoan',	'882',	'tala (inv.)',	'WST',	'sene (inv.)',	'WS$',	'Independent State of Samoa',	'WS',	'WSM',	'Samoa',	'009',	'061',	0,	'685',	'WS.png'),
(887,	'San’a',	'Yemenite',	'887',	'Yemeni rial',	'YER',	'fils (inv.)',	'﷼',	'Republic of Yemen',	'YE',	'YEM',	'Yemen',	'142',	'145',	0,	'967',	'YE.png'),
(894,	'Lusaka',	'Zambian',	'894',	'Zambian kwacha (inv.)',	'ZMW',	'ngwee (inv.)',	'ZK',	'Republic of Zambia',	'ZM',	'ZMB',	'Zambia',	'002',	'014',	0,	'260',	'ZM.png');

DROP TABLE IF EXISTS `migrations`;
CREATE TABLE `migrations` (
  `id` int(10) unsigned NOT NULL AUTO_INCREMENT,
  `migration` varchar(191) COLLATE utf8mb4_unicode_ci NOT NULL,
  `batch` int(11) NOT NULL,
  PRIMARY KEY (`id`)
) ENGINE=InnoDB DEFAULT CHARSET=utf8mb4 COLLATE=utf8mb4_unicode_ci;

INSERT INTO `migrations` (`id`, `migration`, `batch`) VALUES
(1,	'2014_10_12_100000_create_password_resets_table',	1),
(2,	'2015_09_19_191655_setup_countries_table',	1),
(3,	'2015_10_10_170827_create_users_table',	1),
(4,	'2015_10_10_171049_create_social_login_table',	1),
(5,	'2015_12_24_080704_setup_authorization_tables',	1),
(6,	'2015_12_24_152327_create_sessions_table',	1),
(7,	'2015_12_29_224252_create_user_activity_table',	1),
(8,	'2015_12_30_171734_add_foreign_keys',	1),
(9,	'2017_08_24_000000_create_settings_table',	1),
(10,	'2019_08_22_140712_create_announcements_table',	1),
(11,	'2019_12_14_000001_create_personal_access_tokens_table',	1);

DROP TABLE IF EXISTS `m_education_qualification`;
CREATE TABLE `m_education_qualification` (
  `id` int(10) unsigned NOT NULL AUTO_INCREMENT,
  `name` varchar(200) COLLATE utf8mb4_unicode_ci NOT NULL,
  `created_at` timestamp NULL DEFAULT NULL,
  `updated_at` timestamp NULL DEFAULT NULL,
  PRIMARY KEY (`id`)
) ENGINE=InnoDB DEFAULT CHARSET=utf8mb4 COLLATE=utf8mb4_unicode_ci;

INSERT INTO `m_education_qualification` (`id`, `name`, `created_at`, `updated_at`) VALUES
(1,	'Primary School',	'2022-03-18 04:32:43',	'2022-03-18 04:33:08'),
(2,	'High School',	'2022-03-18 04:33:56',	'2022-03-18 04:33:56'),
(3,	'Associate Degree',	'2022-03-18 04:34:46',	'2022-03-18 04:34:46'),
(4,	'Bachelor\'s Degree',	'2022-03-18 04:35:01',	'2022-03-18 04:35:01'),
(5,	'Master\'s Degree/Post Graduate Degree',	'2022-03-18 04:35:12',	'2022-03-18 04:35:12'),
(6,	'Doctorate',	'2022-03-18 04:35:27',	'2022-03-18 04:35:27');

DROP TABLE IF EXISTS `m_skills`;
CREATE TABLE `m_skills` (
  `id` int(10) unsigned NOT NULL AUTO_INCREMENT,
  `name` varchar(200) COLLATE utf8mb4_unicode_ci DEFAULT NULL,
  `created_at` timestamp NULL DEFAULT NULL,
  `updated_at` timestamp NULL DEFAULT NULL,
  PRIMARY KEY (`id`)
) ENGINE=InnoDB DEFAULT CHARSET=utf8mb4 COLLATE=utf8mb4_unicode_ci;

INSERT INTO `m_skills` (`id`, `name`, `created_at`, `updated_at`) VALUES
(1,	'PHP',	'2022-03-18 01:22:10',	'2022-03-18 01:42:48'),
(2,	'Javascript',	'2022-03-18 01:39:08',	'2022-03-18 01:39:08'),
(3,	'Node Js',	'2022-03-18 01:39:21',	'2022-03-18 01:39:21'),
(4,	'Python',	'2022-03-18 01:39:31',	'2022-03-18 01:39:31'),
(5,	'Angular',	'2022-03-18 01:39:41',	'2022-03-18 01:39:41'),
(6,	'React Js',	'2022-03-18 01:39:50',	'2022-03-18 01:39:50'),
(7,	'Vue Js',	'2022-03-18 01:39:57',	'2022-03-18 01:39:57'),
(8,	'Java',	'2022-03-18 01:40:15',	'2022-03-18 01:40:15'),
(9,	'Flutter',	'2022-03-18 01:40:23',	'2022-03-18 01:40:23'),
(10,	'Ionic',	'2022-03-18 01:40:31',	'2022-03-18 01:40:31'),
(11,	'Mongo DB',	'2022-03-18 01:40:40',	'2022-03-18 01:40:40'),
(12,	'MySQL',	'2022-03-18 01:41:04',	'2022-03-18 01:41:04'),
(13,	'Kotlin',	'2022-03-18 01:41:20',	'2022-03-18 01:41:20'),
(14,	'Swift',	'2022-03-18 01:41:27',	'2022-03-18 01:41:27'),
(15,	'Express Js',	'2022-03-18 01:43:14',	'2022-03-18 01:43:14'),
(16,	'Git',	'2022-03-18 01:43:38',	'2022-03-18 01:43:38'),
(17,	'Laravel',	'2022-03-18 01:43:59',	'2022-03-18 01:43:59'),
(18,	'CodeIgniter',	'2022-03-18 01:46:04',	'2022-03-18 01:46:04'),
(19,	'Nuxt Js',	'2022-03-18 01:46:19',	'2022-03-18 01:46:19'),
(20,	'Next Js',	'2022-03-18 01:46:39',	'2022-03-18 01:46:39');

DROP TABLE IF EXISTS `password_resets`;
CREATE TABLE `password_resets` (
  `email` varchar(191) COLLATE utf8mb4_unicode_ci NOT NULL,
  `token` varchar(191) COLLATE utf8mb4_unicode_ci NOT NULL,
  `created_at` timestamp NULL DEFAULT NULL,
  KEY `password_resets_email_index` (`email`)
) ENGINE=InnoDB DEFAULT CHARSET=utf8mb4 COLLATE=utf8mb4_unicode_ci;


DROP TABLE IF EXISTS `permissions`;
CREATE TABLE `permissions` (
  `id` int(10) unsigned NOT NULL AUTO_INCREMENT,
  `name` varchar(191) COLLATE utf8mb4_unicode_ci NOT NULL,
  `display_name` varchar(191) COLLATE utf8mb4_unicode_ci DEFAULT NULL,
  `description` varchar(191) COLLATE utf8mb4_unicode_ci DEFAULT NULL,
  `removable` tinyint(1) NOT NULL DEFAULT 1,
  `created_at` timestamp NULL DEFAULT NULL,
  `updated_at` timestamp NULL DEFAULT NULL,
  PRIMARY KEY (`id`),
  UNIQUE KEY `permissions_name_unique` (`name`)
) ENGINE=InnoDB DEFAULT CHARSET=utf8mb4 COLLATE=utf8mb4_unicode_ci;

INSERT INTO `permissions` (`id`, `name`, `display_name`, `description`, `removable`, `created_at`, `updated_at`) VALUES
(1,	'users.manage',	'Manage Users',	'Manage users and their sessions.',	0,	'2021-11-10 03:16:33',	'2021-11-10 03:16:33'),
(2,	'users.activity',	'View System Activity Log',	'View activity log for all system users.',	0,	'2021-11-10 03:16:33',	'2021-11-10 03:16:33'),
(3,	'roles.manage',	'Manage Roles',	'Manage system roles.',	0,	'2021-11-10 03:16:33',	'2021-11-10 03:16:33'),
(4,	'permissions.manage',	'Manage Permissions',	'Manage role permissions.',	0,	'2021-11-10 03:16:33',	'2021-11-10 03:16:33'),
(5,	'settings.general',	'Update General System Settings',	'',	0,	'2021-11-10 03:16:33',	'2021-11-10 03:16:33'),
(6,	'settings.auth',	'Update Authentication Settings',	'Update authentication and registration system settings.',	0,	'2021-11-10 03:16:33',	'2021-11-10 03:16:33'),
(7,	'settings.notifications',	'Update Notifications Settings',	'',	0,	'2021-11-10 03:16:33',	'2021-11-10 03:16:33'),
(8,	'announcements.manage',	'Manage Announcements',	'',	0,	'2021-11-10 03:16:33',	'2021-11-10 03:16:33'),
(9,	'master-data.manage',	'Manage Master Data',	'User in this role can manage master data',	1,	'2021-11-10 14:54:21',	'2021-11-10 14:54:21'),
(10,	'candidate.create',	'Create Candidate Detail',	'This role can create candidate detail',	1,	'2021-11-10 17:19:58',	'2022-03-18 05:49:40'),
(12,	'candidate.list.show',	'List and Show Candidate Detail',	'This role can list and show candidate detail',	1,	'2021-11-11 15:03:53',	'2022-03-18 05:50:07'),
(14,	'candidate.edit',	'Edit Candidate Detail',	'This role can edit candidate detail',	1,	'2021-11-11 15:05:16',	'2022-03-18 05:50:41'),
(15,	'candidate.destroy',	'Delete Candidate Detail',	'This role can delete candidate detail',	1,	'2021-11-11 15:05:53',	'2022-03-18 05:51:19');

DROP TABLE IF EXISTS `permission_role`;
CREATE TABLE `permission_role` (
  `permission_id` int(10) unsigned NOT NULL,
  `role_id` int(10) unsigned NOT NULL,
  PRIMARY KEY (`permission_id`,`role_id`),
  KEY `permission_role_role_id_foreign` (`role_id`),
  CONSTRAINT `permission_role_permission_id_foreign` FOREIGN KEY (`permission_id`) REFERENCES `permissions` (`id`) ON DELETE CASCADE ON UPDATE CASCADE,
  CONSTRAINT `permission_role_role_id_foreign` FOREIGN KEY (`role_id`) REFERENCES `roles` (`id`) ON DELETE CASCADE ON UPDATE CASCADE
) ENGINE=InnoDB DEFAULT CHARSET=utf8mb4 COLLATE=utf8mb4_unicode_ci;

INSERT INTO `permission_role` (`permission_id`, `role_id`) VALUES
(1,	1),
(2,	1),
(3,	1),
(4,	1),
(5,	1),
(6,	1),
(7,	1),
(8,	1),
(9,	1),
(10,	3),
(12,	2),
(12,	3),
(14,	3),
(15,	3);

DROP TABLE IF EXISTS `personal_access_tokens`;
CREATE TABLE `personal_access_tokens` (
  `id` bigint(20) unsigned NOT NULL AUTO_INCREMENT,
  `tokenable_type` varchar(191) COLLATE utf8mb4_unicode_ci NOT NULL,
  `tokenable_id` bigint(20) unsigned NOT NULL,
  `name` varchar(191) COLLATE utf8mb4_unicode_ci NOT NULL,
  `token` varchar(64) COLLATE utf8mb4_unicode_ci NOT NULL,
  `abilities` text COLLATE utf8mb4_unicode_ci DEFAULT NULL,
  `last_used_at` timestamp NULL DEFAULT NULL,
  `created_at` timestamp NULL DEFAULT NULL,
  `updated_at` timestamp NULL DEFAULT NULL,
  PRIMARY KEY (`id`),
  UNIQUE KEY `personal_access_tokens_token_unique` (`token`),
  KEY `personal_access_tokens_tokenable_type_tokenable_id_index` (`tokenable_type`,`tokenable_id`)
) ENGINE=InnoDB DEFAULT CHARSET=utf8mb4 COLLATE=utf8mb4_unicode_ci;

INSERT INTO `personal_access_tokens` (`id`, `tokenable_type`, `tokenable_id`, `name`, `token`, `abilities`, `last_used_at`, `created_at`, `updated_at`) VALUES
(1,	'Vanguard\\User',	5,	'Dell Latitude',	'8bdc32df640984f20f3627d993cae323b106beda505fcaa50dd8aa835ea70fd5',	'[\"*\"]',	'2022-03-19 23:49:57',	'2022-03-19 22:39:46',	'2022-03-19 23:49:57');

DROP TABLE IF EXISTS `roles`;
CREATE TABLE `roles` (
  `id` int(10) unsigned NOT NULL AUTO_INCREMENT,
  `name` varchar(191) COLLATE utf8mb4_unicode_ci NOT NULL,
  `display_name` varchar(191) COLLATE utf8mb4_unicode_ci DEFAULT NULL,
  `description` varchar(191) COLLATE utf8mb4_unicode_ci DEFAULT NULL,
  `removable` tinyint(1) NOT NULL DEFAULT 1,
  `created_at` timestamp NULL DEFAULT NULL,
  `updated_at` timestamp NULL DEFAULT NULL,
  PRIMARY KEY (`id`),
  UNIQUE KEY `roles_name_unique` (`name`)
) ENGINE=InnoDB DEFAULT CHARSET=utf8mb4 COLLATE=utf8mb4_unicode_ci;

INSERT INTO `roles` (`id`, `name`, `display_name`, `description`, `removable`, `created_at`, `updated_at`) VALUES
(1,	'Admin',	'Admin',	'System administrator.',	0,	'2021-11-10 03:16:33',	'2021-11-10 03:16:33'),
(2,	'HRD',	'Human Resource Department',	'Default system user HRD',	0,	'2021-11-10 03:16:33',	'2022-03-17 23:30:16'),
(3,	'Admin_HRD',	'Senior Human Resource Department',	'Senior Human Resource Department',	1,	'2021-11-10 17:18:47',	'2022-03-17 23:32:19');

DROP TABLE IF EXISTS `sessions`;
CREATE TABLE `sessions` (
  `id` varchar(191) COLLATE utf8mb4_unicode_ci NOT NULL,
  `user_id` int(11) DEFAULT NULL,
  `ip_address` varchar(45) COLLATE utf8mb4_unicode_ci DEFAULT NULL,
  `user_agent` text COLLATE utf8mb4_unicode_ci DEFAULT NULL,
  `payload` text COLLATE utf8mb4_unicode_ci NOT NULL,
  `last_activity` int(11) NOT NULL,
  UNIQUE KEY `sessions_id_unique` (`id`)
) ENGINE=InnoDB DEFAULT CHARSET=utf8mb4 COLLATE=utf8mb4_unicode_ci;

INSERT INTO `sessions` (`id`, `user_id`, `ip_address`, `user_agent`, `payload`, `last_activity`) VALUES
('cQIPeqotln9Ev4D979MXcTwITxaXGGCwPVi2YuJK',	5,	'127.0.0.1',	'Mozilla/5.0 (Windows NT 10.0; Win64; x64) AppleWebKit/537.36 (KHTML, like Gecko) Chrome/99.0.4844.74 Safari/537.36',	'YTo0OntzOjY6Il90b2tlbiI7czo0MDoiTGNQUnkxTjQySktMclh5UlpjWVJGRXBLMDVvR0NxcU9jR2l3U09uRCI7czo2OiJfZmxhc2giO2E6Mjp7czozOiJvbGQiO2E6MDp7fXM6MzoibmV3IjthOjA6e319czo5OiJfcHJldmlvdXMiO2E6MTp7czozOiJ1cmwiO3M6NTY6Imh0dHA6Ly9sb2NhbGhvc3Q6ODAwMC9hZG1pbi9jYW5kaWRhdGUtbWFuYWdlbWVudC8xOS9lZGl0Ijt9czo1MDoibG9naW5fd2ViXzNkYzdhOTEzZWY1ZmQ0Yjg5MGVjYWJlMzQ4NzA4NTU3M2UxNmNmODIiO2k6NTt9',	1647760592);

DROP TABLE IF EXISTS `settings`;
CREATE TABLE `settings` (
  `id` int(10) unsigned NOT NULL AUTO_INCREMENT,
  `key` varchar(191) COLLATE utf8mb4_unicode_ci NOT NULL,
  `value` text COLLATE utf8mb4_unicode_ci NOT NULL,
  PRIMARY KEY (`id`),
  KEY `settings_key_index` (`key`)
) ENGINE=InnoDB DEFAULT CHARSET=utf8mb4 COLLATE=utf8mb4_unicode_ci;


DROP TABLE IF EXISTS `social_logins`;
CREATE TABLE `social_logins` (
  `id` int(10) unsigned NOT NULL AUTO_INCREMENT,
  `user_id` int(10) unsigned NOT NULL,
  `provider` varchar(50) COLLATE utf8mb4_unicode_ci NOT NULL,
  `provider_id` varchar(191) COLLATE utf8mb4_unicode_ci NOT NULL,
  `avatar` varchar(191) COLLATE utf8mb4_unicode_ci NOT NULL,
  `created_at` timestamp NULL DEFAULT NULL,
  PRIMARY KEY (`id`),
  KEY `social_logins_user_id_foreign` (`user_id`),
  CONSTRAINT `social_logins_user_id_foreign` FOREIGN KEY (`user_id`) REFERENCES `users` (`id`) ON DELETE CASCADE
) ENGINE=InnoDB DEFAULT CHARSET=utf8mb4 COLLATE=utf8mb4_unicode_ci;


DROP TABLE IF EXISTS `t_candidate`;
CREATE TABLE `t_candidate` (
  `id` int(10) unsigned NOT NULL AUTO_INCREMENT,
  `education_qualification_id` int(10) unsigned NOT NULL,
  `education_country_id` int(10) unsigned NOT NULL,
  `education_name` varchar(255) COLLATE utf8mb4_unicode_ci NOT NULL,
  `applicant_name` varchar(255) COLLATE utf8mb4_unicode_ci NOT NULL,
  `birthday` date DEFAULT NULL,
  `experience` varchar(255) COLLATE utf8mb4_unicode_ci NOT NULL,
  `last_position` varchar(255) COLLATE utf8mb4_unicode_ci NOT NULL,
  `applied_position` varchar(255) COLLATE utf8mb4_unicode_ci NOT NULL,
  `email` varchar(255) COLLATE utf8mb4_unicode_ci DEFAULT NULL,
  `phone` varchar(255) COLLATE utf8mb4_unicode_ci DEFAULT NULL,
  `resume` varchar(255) COLLATE utf8mb4_unicode_ci DEFAULT NULL,
  `created_at` timestamp NULL DEFAULT NULL,
  `updated_at` timestamp NULL DEFAULT NULL,
  PRIMARY KEY (`id`),
  KEY `education_qualification_id` (`education_qualification_id`),
  KEY `education_country_id` (`education_country_id`),
  CONSTRAINT `t_candidate_ibfk_2` FOREIGN KEY (`education_country_id`) REFERENCES `countries` (`id`) ON DELETE CASCADE,
  CONSTRAINT `t_candidate_ibfk_3` FOREIGN KEY (`education_qualification_id`) REFERENCES `m_education_qualification` (`id`) ON DELETE CASCADE
) ENGINE=InnoDB DEFAULT CHARSET=utf8mb4 COLLATE=utf8mb4_unicode_ci;

INSERT INTO `t_candidate` (`id`, `education_qualification_id`, `education_country_id`, `education_name`, `applicant_name`, `birthday`, `experience`, `last_position`, `applied_position`, `email`, `phone`, `resume`, `created_at`, `updated_at`) VALUES
(13,	4,	360,	'Bina Nusantara University',	'Chandrayana Putra',	'1986-11-17',	'5',	'Programmer at Kopernik',	'Frontend Developer',	'shc6669@gmail.com',	'081325999717',	'sample-pdf_1647750987.pdf',	'2022-03-19 18:23:20',	'2022-03-19 20:36:27'),
(20,	4,	360,	'Test From API University',	'Test From API',	NULL,	'3',	'Software Engineer',	'Senior PHP Developer',	NULL,	NULL,	NULL,	'2022-03-19 23:49:48',	'2022-03-19 23:49:48');

DROP TABLE IF EXISTS `users`;
CREATE TABLE `users` (
  `id` int(10) unsigned NOT NULL AUTO_INCREMENT,
  `email` varchar(191) COLLATE utf8mb4_unicode_ci NOT NULL,
  `username` varchar(191) COLLATE utf8mb4_unicode_ci DEFAULT NULL,
  `password` varchar(191) COLLATE utf8mb4_unicode_ci NOT NULL,
  `first_name` varchar(191) COLLATE utf8mb4_unicode_ci DEFAULT NULL,
  `last_name` varchar(191) COLLATE utf8mb4_unicode_ci DEFAULT NULL,
  `phone` varchar(191) COLLATE utf8mb4_unicode_ci DEFAULT NULL,
  `avatar` varchar(191) COLLATE utf8mb4_unicode_ci DEFAULT NULL,
  `address` varchar(191) COLLATE utf8mb4_unicode_ci DEFAULT NULL,
  `country_id` int(10) unsigned DEFAULT NULL,
  `role_id` int(10) unsigned NOT NULL,
  `birthday` date DEFAULT NULL,
  `last_login` timestamp NULL DEFAULT NULL,
  `status` varchar(20) COLLATE utf8mb4_unicode_ci NOT NULL,
  `two_factor_country_code` int(11) DEFAULT NULL,
  `two_factor_phone` bigint(20) unsigned DEFAULT NULL,
  `two_factor_options` text COLLATE utf8mb4_unicode_ci DEFAULT NULL,
  `email_verified_at` timestamp NULL DEFAULT NULL,
  `remember_token` varchar(100) COLLATE utf8mb4_unicode_ci DEFAULT NULL,
  `created_at` timestamp NULL DEFAULT NULL,
  `updated_at` timestamp NULL DEFAULT NULL,
  `announcements_last_read_at` timestamp NULL DEFAULT NULL,
  PRIMARY KEY (`id`),
  UNIQUE KEY `users_email_unique` (`email`),
  KEY `users_created_at_index` (`created_at`),
  KEY `users_username_index` (`username`),
  KEY `users_status_index` (`status`),
  KEY `users_country_id_foreign` (`country_id`),
  KEY `users_role_id_foreign` (`role_id`),
  CONSTRAINT `users_country_id_foreign` FOREIGN KEY (`country_id`) REFERENCES `countries` (`id`) ON DELETE SET NULL,
  CONSTRAINT `users_role_id_foreign` FOREIGN KEY (`role_id`) REFERENCES `roles` (`id`)
) ENGINE=InnoDB DEFAULT CHARSET=utf8mb4 COLLATE=utf8mb4_unicode_ci;

INSERT INTO `users` (`id`, `email`, `username`, `password`, `first_name`, `last_name`, `phone`, `avatar`, `address`, `country_id`, `role_id`, `birthday`, `last_login`, `status`, `two_factor_country_code`, `two_factor_phone`, `two_factor_options`, `email_verified_at`, `remember_token`, `created_at`, `updated_at`, `announcements_last_read_at`) VALUES
(1,	'admin@admin.com',	'admin',	'$2y$10$p.QouJCV/XKSuLAzqfiJ1eeSecvOe2CvI4ZrUgrcUbqUdaEVQuEGq',	'Admin',	'System',	NULL,	NULL,	NULL,	360,	1,	'1986-11-17',	'2022-03-19 05:20:20',	'Active',	NULL,	NULL,	NULL,	'2021-11-10 03:16:33',	NULL,	'2021-11-10 03:16:33',	'2022-03-19 05:20:20',	NULL),
(2,	'wick.john@admin.com',	'john.wick',	'$2y$10$/K8YQpGtK6Dbw2jHKYScg.scCggYecQMvUrZJd6ApbGDGHBzxKXIW',	'John',	'Wick',	NULL,	'https://www.gravatar.com/avatar/64e1b8d34f425d19e1ee2ea7236d3028?size=150',	NULL,	840,	2,	'1986-11-17',	'2022-03-19 20:36:54',	'Active',	NULL,	NULL,	NULL,	'2021-11-10 14:53:19',	NULL,	'2021-11-10 14:53:19',	'2022-03-19 20:36:54',	'2021-11-10 16:08:14'),
(5,	'keanu.reaves@admin.com',	'keanu',	'$2y$10$ncGWAIDvs7XWRR.DAeCWn.H1VsHKDwstS8cOvPtATKge1a6fImoCq',	'Keanu',	'Reaves',	NULL,	'https://www.gravatar.com/avatar/f94538607203dda2a35264e850c412b8?size=150',	NULL,	NULL,	3,	NULL,	'2022-03-19 23:11:02',	'Active',	NULL,	NULL,	NULL,	'2021-11-10 17:33:32',	NULL,	'2021-11-10 17:33:32',	'2022-03-19 23:11:02',	NULL);

DROP TABLE IF EXISTS `user_activity`;
CREATE TABLE `user_activity` (
  `id` int(10) unsigned NOT NULL AUTO_INCREMENT,
  `description` text COLLATE utf8mb4_unicode_ci NOT NULL,
  `user_id` int(10) unsigned NOT NULL,
  `ip_address` varchar(45) COLLATE utf8mb4_unicode_ci NOT NULL,
  `user_agent` text COLLATE utf8mb4_unicode_ci NOT NULL,
  `created_at` timestamp NULL DEFAULT NULL,
  PRIMARY KEY (`id`),
  KEY `user_activity_user_id_foreign` (`user_id`),
  CONSTRAINT `user_activity_user_id_foreign` FOREIGN KEY (`user_id`) REFERENCES `users` (`id`) ON DELETE CASCADE
) ENGINE=InnoDB DEFAULT CHARSET=utf8mb4 COLLATE=utf8mb4_unicode_ci;

INSERT INTO `user_activity` (`id`, `description`, `user_id`, `ip_address`, `user_agent`, `created_at`) VALUES
(1,	'Logged in.',	1,	'127.0.0.1',	'Mozilla/5.0 (Windows NT 10.0; Win64; x64) AppleWebKit/537.36 (KHTML, like Gecko) Chrome/95.0.4638.69 Safari/537.36',	'2021-11-10 03:17:12'),
(2,	'Logged out.',	1,	'127.0.0.1',	'Mozilla/5.0 (Windows NT 10.0; Win64; x64) AppleWebKit/537.36 (KHTML, like Gecko) Chrome/95.0.4638.69 Safari/537.36',	'2021-11-10 03:17:19'),
(3,	'Logged in.',	1,	'127.0.0.1',	'Mozilla/5.0 (Windows NT 10.0; Win64; x64) AppleWebKit/537.36 (KHTML, like Gecko) Chrome/95.0.4638.69 Safari/537.36',	'2021-11-10 03:24:04'),
(4,	'Logged out.',	1,	'127.0.0.1',	'Mozilla/5.0 (Windows NT 10.0; Win64; x64) AppleWebKit/537.36 (KHTML, like Gecko) Chrome/95.0.4638.69 Safari/537.36',	'2021-11-10 03:24:08'),
(5,	'Logged in.',	1,	'127.0.0.1',	'Mozilla/5.0 (Windows NT 10.0; Win64; x64) AppleWebKit/537.36 (KHTML, like Gecko) Chrome/95.0.4638.69 Safari/537.36',	'2021-11-10 14:51:50'),
(6,	'Created new permission called Manage Master Data.',	1,	'127.0.0.1',	'Mozilla/5.0 (Windows NT 10.0; Win64; x64) AppleWebKit/537.36 (KHTML, like Gecko) Chrome/95.0.4638.69 Safari/537.36',	'2021-11-10 14:54:21'),
(7,	'Updated role permissions.',	1,	'127.0.0.1',	'Mozilla/5.0 (Windows NT 10.0; Win64; x64) AppleWebKit/537.36 (KHTML, like Gecko) Chrome/95.0.4638.69 Safari/537.36',	'2021-11-10 14:54:27'),
(8,	'Logged out.',	1,	'127.0.0.1',	'Mozilla/5.0 (Windows NT 10.0; Win64; x64) AppleWebKit/537.36 (KHTML, like Gecko) Chrome/95.0.4638.69 Safari/537.36',	'2021-11-10 15:50:00'),
(9,	'Logged in.',	1,	'127.0.0.1',	'Mozilla/5.0 (Windows NT 10.0; Win64; x64) AppleWebKit/537.36 (KHTML, like Gecko) Chrome/95.0.4638.69 Safari/537.36',	'2021-11-10 15:50:08'),
(10,	'Updated profile avatar.',	1,	'127.0.0.1',	'Mozilla/5.0 (Windows NT 10.0; Win64; x64) AppleWebKit/537.36 (KHTML, like Gecko) Chrome/95.0.4638.69 Safari/537.36',	'2021-11-10 15:51:35'),
(11,	'Updated profile details for Admin Backend.',	1,	'127.0.0.1',	'Mozilla/5.0 (Windows NT 10.0; Win64; x64) AppleWebKit/537.36 (KHTML, like Gecko) Chrome/95.0.4638.69 Safari/537.36',	'2021-11-10 15:52:01'),
(12,	'Logged out.',	1,	'127.0.0.1',	'Mozilla/5.0 (Windows NT 10.0; Win64; x64) AppleWebKit/537.36 (KHTML, like Gecko) Chrome/95.0.4638.69 Safari/537.36',	'2021-11-10 15:52:10'),
(13,	'Logged in.',	2,	'127.0.0.1',	'Mozilla/5.0 (Windows NT 10.0; Win64; x64) AppleWebKit/537.36 (KHTML, like Gecko) Chrome/95.0.4638.69 Safari/537.36',	'2021-11-10 15:52:16'),
(14,	'Logged out.',	2,	'127.0.0.1',	'Mozilla/5.0 (Windows NT 10.0; Win64; x64) AppleWebKit/537.36 (KHTML, like Gecko) Chrome/95.0.4638.69 Safari/537.36',	'2021-11-10 16:08:15'),
(15,	'Logged in.',	2,	'127.0.0.1',	'Mozilla/5.0 (Windows NT 10.0; Win64; x64) AppleWebKit/537.36 (KHTML, like Gecko) Chrome/95.0.4638.69 Safari/537.36',	'2021-11-10 16:08:21'),
(16,	'Logged out.',	2,	'127.0.0.1',	'Mozilla/5.0 (Windows NT 10.0; Win64; x64) AppleWebKit/537.36 (KHTML, like Gecko) Chrome/95.0.4638.69 Safari/537.36',	'2021-11-10 16:09:23'),
(17,	'Logged in.',	2,	'127.0.0.1',	'Mozilla/5.0 (Windows NT 10.0; Win64; x64) AppleWebKit/537.36 (KHTML, like Gecko) Chrome/95.0.4638.69 Safari/537.36',	'2021-11-10 16:09:29'),
(18,	'Logged out.',	2,	'127.0.0.1',	'Mozilla/5.0 (Windows NT 10.0; Win64; x64) AppleWebKit/537.36 (KHTML, like Gecko) Chrome/95.0.4638.69 Safari/537.36',	'2021-11-10 16:31:50'),
(19,	'Logged in.',	2,	'127.0.0.1',	'Mozilla/5.0 (Windows NT 10.0; Win64; x64) AppleWebKit/537.36 (KHTML, like Gecko) Chrome/95.0.4638.69 Safari/537.36',	'2021-11-10 16:32:03'),
(20,	'Logged out.',	2,	'127.0.0.1',	'Mozilla/5.0 (Windows NT 10.0; Win64; x64) AppleWebKit/537.36 (KHTML, like Gecko) Chrome/95.0.4638.69 Safari/537.36',	'2021-11-10 16:32:10'),
(21,	'Logged in.',	2,	'127.0.0.1',	'Mozilla/5.0 (Windows NT 10.0; Win64; x64) AppleWebKit/537.36 (KHTML, like Gecko) Chrome/95.0.4638.69 Safari/537.36',	'2021-11-10 16:32:40'),
(22,	'Logged out.',	2,	'127.0.0.1',	'Mozilla/5.0 (Windows NT 10.0; Win64; x64) AppleWebKit/537.36 (KHTML, like Gecko) Chrome/95.0.4638.69 Safari/537.36',	'2021-11-10 17:14:21'),
(23,	'Logged in.',	2,	'127.0.0.1',	'Mozilla/5.0 (Windows NT 10.0; Win64; x64) AppleWebKit/537.36 (KHTML, like Gecko) Chrome/95.0.4638.69 Safari/537.36',	'2021-11-10 17:15:03'),
(24,	'Logged out.',	2,	'127.0.0.1',	'Mozilla/5.0 (Windows NT 10.0; Win64; x64) AppleWebKit/537.36 (KHTML, like Gecko) Chrome/95.0.4638.69 Safari/537.36',	'2021-11-10 17:18:02'),
(25,	'Logged in.',	1,	'127.0.0.1',	'Mozilla/5.0 (Windows NT 10.0; Win64; x64) AppleWebKit/537.36 (KHTML, like Gecko) Chrome/95.0.4638.69 Safari/537.36',	'2021-11-10 17:18:07'),
(26,	'Created new role called Mechanics.',	1,	'127.0.0.1',	'Mozilla/5.0 (Windows NT 10.0; Win64; x64) AppleWebKit/537.36 (KHTML, like Gecko) Chrome/95.0.4638.69 Safari/537.36',	'2021-11-10 17:18:47'),
(27,	'Updated role permissions.',	1,	'127.0.0.1',	'Mozilla/5.0 (Windows NT 10.0; Win64; x64) AppleWebKit/537.36 (KHTML, like Gecko) Chrome/95.0.4638.69 Safari/537.36',	'2021-11-10 17:19:04'),
(28,	'Created new permission called Manage Cars.',	1,	'127.0.0.1',	'Mozilla/5.0 (Windows NT 10.0; Win64; x64) AppleWebKit/537.36 (KHTML, like Gecko) Chrome/95.0.4638.69 Safari/537.36',	'2021-11-10 17:19:58'),
(29,	'Updated role permissions.',	1,	'127.0.0.1',	'Mozilla/5.0 (Windows NT 10.0; Win64; x64) AppleWebKit/537.36 (KHTML, like Gecko) Chrome/95.0.4638.69 Safari/537.36',	'2021-11-10 17:21:33'),
(30,	'Created new permission called Manage Jobs.',	1,	'127.0.0.1',	'Mozilla/5.0 (Windows NT 10.0; Win64; x64) AppleWebKit/537.36 (KHTML, like Gecko) Chrome/95.0.4638.69 Safari/537.36',	'2021-11-10 17:22:07'),
(31,	'Updated role permissions.',	1,	'127.0.0.1',	'Mozilla/5.0 (Windows NT 10.0; Win64; x64) AppleWebKit/537.36 (KHTML, like Gecko) Chrome/95.0.4638.69 Safari/537.36',	'2021-11-10 17:23:48'),
(32,	'Updated profile details for Admin Backend.',	1,	'127.0.0.1',	'Mozilla/5.0 (Windows NT 10.0; Win64; x64) AppleWebKit/537.36 (KHTML, like Gecko) Chrome/95.0.4638.69 Safari/537.36',	'2021-11-10 17:25:27'),
(33,	'Updated profile details for Chandrayana Putra.',	1,	'127.0.0.1',	'Mozilla/5.0 (Windows NT 10.0; Win64; x64) AppleWebKit/537.36 (KHTML, like Gecko) Chrome/95.0.4638.69 Safari/537.36',	'2021-11-10 17:25:51'),
(34,	'Updated profile details for Arysanendra Reyswara.',	1,	'127.0.0.1',	'Mozilla/5.0 (Windows NT 10.0; Win64; x64) AppleWebKit/537.36 (KHTML, like Gecko) Chrome/95.0.4638.69 Safari/537.36',	'2021-11-10 17:28:49'),
(35,	'Updated profile details for Vanguard.',	1,	'127.0.0.1',	'Mozilla/5.0 (Windows NT 10.0; Win64; x64) AppleWebKit/537.36 (KHTML, like Gecko) Chrome/95.0.4638.69 Safari/537.36',	'2021-11-10 17:29:29'),
(36,	'Updated profile details for Vanguard.',	1,	'127.0.0.1',	'Mozilla/5.0 (Windows NT 10.0; Win64; x64) AppleWebKit/537.36 (KHTML, like Gecko) Chrome/95.0.4638.69 Safari/537.36',	'2021-11-10 17:29:59'),
(37,	'Updated profile details for John Wick.',	1,	'127.0.0.1',	'Mozilla/5.0 (Windows NT 10.0; Win64; x64) AppleWebKit/537.36 (KHTML, like Gecko) Chrome/95.0.4638.69 Safari/537.36',	'2021-11-10 17:32:18'),
(38,	'Updated profile details for John Wick.',	1,	'127.0.0.1',	'Mozilla/5.0 (Windows NT 10.0; Win64; x64) AppleWebKit/537.36 (KHTML, like Gecko) Chrome/95.0.4638.69 Safari/537.36',	'2021-11-10 17:32:45'),
(39,	'Updated profile details for Keanu Reaves.',	1,	'127.0.0.1',	'Mozilla/5.0 (Windows NT 10.0; Win64; x64) AppleWebKit/537.36 (KHTML, like Gecko) Chrome/95.0.4638.69 Safari/537.36',	'2021-11-10 17:34:29'),
(40,	'Logged out.',	1,	'127.0.0.1',	'Mozilla/5.0 (Windows NT 10.0; Win64; x64) AppleWebKit/537.36 (KHTML, like Gecko) Chrome/95.0.4638.69 Safari/537.36',	'2021-11-10 18:44:07'),
(41,	'Logged in.',	2,	'127.0.0.1',	'Mozilla/5.0 (Windows NT 10.0; Win64; x64) AppleWebKit/537.36 (KHTML, like Gecko) Chrome/95.0.4638.69 Safari/537.36',	'2021-11-10 18:44:21'),
(42,	'Logged out.',	2,	'127.0.0.1',	'Mozilla/5.0 (Windows NT 10.0; Win64; x64) AppleWebKit/537.36 (KHTML, like Gecko) Chrome/95.0.4638.69 Safari/537.36',	'2021-11-10 18:48:39'),
(43,	'Logged in.',	1,	'127.0.0.1',	'Mozilla/5.0 (Windows NT 10.0; Win64; x64) AppleWebKit/537.36 (KHTML, like Gecko) Chrome/95.0.4638.69 Safari/537.36',	'2021-11-10 18:48:46'),
(44,	'Logged out.',	1,	'127.0.0.1',	'Mozilla/5.0 (Windows NT 10.0; Win64; x64) AppleWebKit/537.36 (KHTML, like Gecko) Chrome/95.0.4638.69 Safari/537.36',	'2021-11-10 18:48:47'),
(45,	'Logged in.',	1,	'127.0.0.1',	'Mozilla/5.0 (Windows NT 10.0; Win64; x64) AppleWebKit/537.36 (KHTML, like Gecko) Chrome/95.0.4638.69 Safari/537.36',	'2021-11-10 18:48:55'),
(46,	'Logged in.',	1,	'127.0.0.1',	'Mozilla/5.0 (Windows NT 10.0; Win64; x64) AppleWebKit/537.36 (KHTML, like Gecko) Chrome/95.0.4638.69 Safari/537.36',	'2021-11-11 01:31:19'),
(47,	'Updated the permission named Manage Cars.',	1,	'127.0.0.1',	'Mozilla/5.0 (Windows NT 10.0; Win64; x64) AppleWebKit/537.36 (KHTML, like Gecko) Chrome/95.0.4638.69 Safari/537.36',	'2021-11-11 01:35:48'),
(48,	'Logged in.',	1,	'127.0.0.1',	'Mozilla/5.0 (Windows NT 10.0; Win64; x64) AppleWebKit/537.36 (KHTML, like Gecko) Chrome/95.0.4638.69 Safari/537.36',	'2021-11-11 13:51:21'),
(49,	'Logged out.',	1,	'127.0.0.1',	'Mozilla/5.0 (Windows NT 10.0; Win64; x64) AppleWebKit/537.36 (KHTML, like Gecko) Chrome/95.0.4638.69 Safari/537.36',	'2021-11-11 14:58:44'),
(50,	'Logged in.',	1,	'127.0.0.1',	'Mozilla/5.0 (Windows NT 10.0; Win64; x64) AppleWebKit/537.36 (KHTML, like Gecko) Chrome/95.0.4638.69 Safari/537.36',	'2021-11-11 14:58:53'),
(51,	'Logged out.',	1,	'127.0.0.1',	'Mozilla/5.0 (Windows NT 10.0; Win64; x64) AppleWebKit/537.36 (KHTML, like Gecko) Chrome/95.0.4638.69 Safari/537.36',	'2021-11-11 14:59:34'),
(52,	'Logged in.',	2,	'127.0.0.1',	'Mozilla/5.0 (Windows NT 10.0; Win64; x64) AppleWebKit/537.36 (KHTML, like Gecko) Chrome/95.0.4638.69 Safari/537.36',	'2021-11-11 14:59:42'),
(53,	'Logged out.',	2,	'127.0.0.1',	'Mozilla/5.0 (Windows NT 10.0; Win64; x64) AppleWebKit/537.36 (KHTML, like Gecko) Chrome/95.0.4638.69 Safari/537.36',	'2021-11-11 15:00:19'),
(54,	'Logged in.',	1,	'127.0.0.1',	'Mozilla/5.0 (Windows NT 10.0; Win64; x64) AppleWebKit/537.36 (KHTML, like Gecko) Chrome/95.0.4638.69 Safari/537.36',	'2021-11-11 15:00:30'),
(55,	'Logged out.',	1,	'127.0.0.1',	'Mozilla/5.0 (Windows NT 10.0; Win64; x64) AppleWebKit/537.36 (KHTML, like Gecko) Chrome/95.0.4638.69 Safari/537.36',	'2021-11-11 15:00:35'),
(56,	'Logged in.',	2,	'127.0.0.1',	'Mozilla/5.0 (Windows NT 10.0; Win64; x64) AppleWebKit/537.36 (KHTML, like Gecko) Chrome/95.0.4638.69 Safari/537.36',	'2021-11-11 15:00:41'),
(57,	'Logged out.',	2,	'127.0.0.1',	'Mozilla/5.0 (Windows NT 10.0; Win64; x64) AppleWebKit/537.36 (KHTML, like Gecko) Chrome/95.0.4638.69 Safari/537.36',	'2021-11-11 15:00:58'),
(58,	'Logged in.',	1,	'127.0.0.1',	'Mozilla/5.0 (Windows NT 10.0; Win64; x64) AppleWebKit/537.36 (KHTML, like Gecko) Chrome/95.0.4638.69 Safari/537.36',	'2021-11-11 15:01:04'),
(59,	'Logged out.',	1,	'127.0.0.1',	'Mozilla/5.0 (Windows NT 10.0; Win64; x64) AppleWebKit/537.36 (KHTML, like Gecko) Chrome/95.0.4638.69 Safari/537.36',	'2021-11-11 15:01:16'),
(60,	'Logged in.',	2,	'127.0.0.1',	'Mozilla/5.0 (Windows NT 10.0; Win64; x64) AppleWebKit/537.36 (KHTML, like Gecko) Chrome/95.0.4638.69 Safari/537.36',	'2021-11-11 15:01:23'),
(61,	'Logged out.',	2,	'127.0.0.1',	'Mozilla/5.0 (Windows NT 10.0; Win64; x64) AppleWebKit/537.36 (KHTML, like Gecko) Chrome/95.0.4638.69 Safari/537.36',	'2021-11-11 15:02:01'),
(62,	'Logged in.',	1,	'127.0.0.1',	'Mozilla/5.0 (Windows NT 10.0; Win64; x64) AppleWebKit/537.36 (KHTML, like Gecko) Chrome/95.0.4638.69 Safari/537.36',	'2021-11-11 15:02:07'),
(63,	'Deleted permission named Manage Jobs.',	1,	'127.0.0.1',	'Mozilla/5.0 (Windows NT 10.0; Win64; x64) AppleWebKit/537.36 (KHTML, like Gecko) Chrome/95.0.4638.69 Safari/537.36',	'2021-11-11 15:02:27'),
(64,	'Updated the permission named Create Cars Orders.',	1,	'127.0.0.1',	'Mozilla/5.0 (Windows NT 10.0; Win64; x64) AppleWebKit/537.36 (KHTML, like Gecko) Chrome/95.0.4638.69 Safari/537.36',	'2021-11-11 15:03:14'),
(65,	'Created new permission called List Cars Orders.',	1,	'127.0.0.1',	'Mozilla/5.0 (Windows NT 10.0; Win64; x64) AppleWebKit/537.36 (KHTML, like Gecko) Chrome/95.0.4638.69 Safari/537.36',	'2021-11-11 15:03:53'),
(66,	'Updated role permissions.',	1,	'127.0.0.1',	'Mozilla/5.0 (Windows NT 10.0; Win64; x64) AppleWebKit/537.36 (KHTML, like Gecko) Chrome/95.0.4638.69 Safari/537.36',	'2021-11-11 15:04:02'),
(67,	'Created new permission called Show Cars Orders.',	1,	'127.0.0.1',	'Mozilla/5.0 (Windows NT 10.0; Win64; x64) AppleWebKit/537.36 (KHTML, like Gecko) Chrome/95.0.4638.69 Safari/537.36',	'2021-11-11 15:04:33'),
(68,	'Updated role permissions.',	1,	'127.0.0.1',	'Mozilla/5.0 (Windows NT 10.0; Win64; x64) AppleWebKit/537.36 (KHTML, like Gecko) Chrome/95.0.4638.69 Safari/537.36',	'2021-11-11 15:04:40'),
(69,	'Created new permission called Edit Cars Orders.',	1,	'127.0.0.1',	'Mozilla/5.0 (Windows NT 10.0; Win64; x64) AppleWebKit/537.36 (KHTML, like Gecko) Chrome/95.0.4638.69 Safari/537.36',	'2021-11-11 15:05:16'),
(70,	'Updated role permissions.',	1,	'127.0.0.1',	'Mozilla/5.0 (Windows NT 10.0; Win64; x64) AppleWebKit/537.36 (KHTML, like Gecko) Chrome/95.0.4638.69 Safari/537.36',	'2021-11-11 15:05:32'),
(71,	'Created new permission called Destroy Cars Orders.',	1,	'127.0.0.1',	'Mozilla/5.0 (Windows NT 10.0; Win64; x64) AppleWebKit/537.36 (KHTML, like Gecko) Chrome/95.0.4638.69 Safari/537.36',	'2021-11-11 15:05:53'),
(72,	'Updated role permissions.',	1,	'127.0.0.1',	'Mozilla/5.0 (Windows NT 10.0; Win64; x64) AppleWebKit/537.36 (KHTML, like Gecko) Chrome/95.0.4638.69 Safari/537.36',	'2021-11-11 15:05:59'),
(73,	'Updated the permission named List and Show Cars Orders.',	1,	'127.0.0.1',	'Mozilla/5.0 (Windows NT 10.0; Win64; x64) AppleWebKit/537.36 (KHTML, like Gecko) Chrome/95.0.4638.69 Safari/537.36',	'2021-11-11 15:07:46'),
(74,	'Updated the permission named List and Show Cars Orders.',	1,	'127.0.0.1',	'Mozilla/5.0 (Windows NT 10.0; Win64; x64) AppleWebKit/537.36 (KHTML, like Gecko) Chrome/95.0.4638.69 Safari/537.36',	'2021-11-11 15:08:03'),
(75,	'Deleted permission named Show Cars Orders.',	1,	'127.0.0.1',	'Mozilla/5.0 (Windows NT 10.0; Win64; x64) AppleWebKit/537.36 (KHTML, like Gecko) Chrome/95.0.4638.69 Safari/537.36',	'2021-11-11 15:08:08'),
(76,	'Updated the permission named Delete Cars Orders.',	1,	'127.0.0.1',	'Mozilla/5.0 (Windows NT 10.0; Win64; x64) AppleWebKit/537.36 (KHTML, like Gecko) Chrome/95.0.4638.69 Safari/537.36',	'2021-11-11 15:08:51'),
(77,	'Logged out.',	1,	'127.0.0.1',	'Mozilla/5.0 (Windows NT 10.0; Win64; x64) AppleWebKit/537.36 (KHTML, like Gecko) Chrome/95.0.4638.69 Safari/537.36',	'2021-11-11 15:11:25'),
(78,	'Logged in.',	2,	'127.0.0.1',	'Mozilla/5.0 (Windows NT 10.0; Win64; x64) AppleWebKit/537.36 (KHTML, like Gecko) Chrome/95.0.4638.69 Safari/537.36',	'2021-11-11 15:11:32'),
(79,	'Logged out.',	2,	'127.0.0.1',	'Mozilla/5.0 (Windows NT 10.0; Win64; x64) AppleWebKit/537.36 (KHTML, like Gecko) Chrome/95.0.4638.69 Safari/537.36',	'2021-11-11 15:12:00'),
(80,	'Logged in.',	1,	'127.0.0.1',	'Mozilla/5.0 (Windows NT 10.0; Win64; x64) AppleWebKit/537.36 (KHTML, like Gecko) Chrome/95.0.4638.69 Safari/537.36',	'2021-11-11 15:12:17'),
(81,	'Logged out.',	1,	'127.0.0.1',	'Mozilla/5.0 (Windows NT 10.0; Win64; x64) AppleWebKit/537.36 (KHTML, like Gecko) Chrome/95.0.4638.69 Safari/537.36',	'2021-11-11 15:14:03'),
(82,	'Logged in.',	2,	'127.0.0.1',	'Mozilla/5.0 (Windows NT 10.0; Win64; x64) AppleWebKit/537.36 (KHTML, like Gecko) Chrome/95.0.4638.69 Safari/537.36',	'2021-11-11 15:14:11'),
(83,	'Logged out.',	2,	'127.0.0.1',	'Mozilla/5.0 (Windows NT 10.0; Win64; x64) AppleWebKit/537.36 (KHTML, like Gecko) Chrome/95.0.4638.69 Safari/537.36',	'2021-11-11 15:14:35'),
(84,	'Logged in.',	1,	'127.0.0.1',	'Mozilla/5.0 (Windows NT 10.0; Win64; x64) AppleWebKit/537.36 (KHTML, like Gecko) Chrome/95.0.4638.69 Safari/537.36',	'2021-11-11 15:36:57'),
(85,	'Logged out.',	1,	'127.0.0.1',	'Mozilla/5.0 (Windows NT 10.0; Win64; x64) AppleWebKit/537.36 (KHTML, like Gecko) Chrome/95.0.4638.69 Safari/537.36',	'2021-11-11 18:17:54'),
(86,	'Logged in.',	2,	'127.0.0.1',	'Mozilla/5.0 (Windows NT 10.0; Win64; x64) AppleWebKit/537.36 (KHTML, like Gecko) Chrome/95.0.4638.69 Safari/537.36',	'2021-11-11 18:18:04'),
(87,	'Logged out.',	2,	'127.0.0.1',	'Mozilla/5.0 (Windows NT 10.0; Win64; x64) AppleWebKit/537.36 (KHTML, like Gecko) Chrome/95.0.4638.69 Safari/537.36',	'2021-11-11 18:20:31'),
(90,	'Logged in.',	1,	'127.0.0.1',	'Mozilla/5.0 (Windows NT 10.0; Win64; x64) AppleWebKit/537.36 (KHTML, like Gecko) Chrome/95.0.4638.69 Safari/537.36',	'2021-11-11 18:21:27'),
(91,	'Logged out.',	1,	'127.0.0.1',	'Mozilla/5.0 (Windows NT 10.0; Win64; x64) AppleWebKit/537.36 (KHTML, like Gecko) Chrome/95.0.4638.69 Safari/537.36',	'2021-11-11 19:46:11'),
(92,	'Logged in.',	2,	'127.0.0.1',	'Mozilla/5.0 (Windows NT 10.0; Win64; x64) AppleWebKit/537.36 (KHTML, like Gecko) Chrome/95.0.4638.69 Safari/537.36',	'2021-11-11 19:46:21'),
(93,	'Logged out.',	2,	'127.0.0.1',	'Mozilla/5.0 (Windows NT 10.0; Win64; x64) AppleWebKit/537.36 (KHTML, like Gecko) Chrome/95.0.4638.69 Safari/537.36',	'2021-11-11 20:26:43'),
(96,	'Logged in.',	1,	'127.0.0.1',	'Mozilla/5.0 (Windows NT 10.0; Win64; x64) AppleWebKit/537.36 (KHTML, like Gecko) Chrome/95.0.4638.69 Safari/537.36',	'2021-11-11 20:34:11'),
(97,	'Created new permission called List and Show Jobs.',	1,	'127.0.0.1',	'Mozilla/5.0 (Windows NT 10.0; Win64; x64) AppleWebKit/537.36 (KHTML, like Gecko) Chrome/95.0.4638.69 Safari/537.36',	'2021-11-11 20:34:58'),
(98,	'Updated role permissions.',	1,	'127.0.0.1',	'Mozilla/5.0 (Windows NT 10.0; Win64; x64) AppleWebKit/537.36 (KHTML, like Gecko) Chrome/95.0.4638.69 Safari/537.36',	'2021-11-11 20:35:04'),
(99,	'Logged out.',	1,	'127.0.0.1',	'Mozilla/5.0 (Windows NT 10.0; Win64; x64) AppleWebKit/537.36 (KHTML, like Gecko) Chrome/95.0.4638.69 Safari/537.36',	'2021-11-11 20:40:21'),
(100,	'Logged in.',	2,	'127.0.0.1',	'Mozilla/5.0 (Windows NT 10.0; Win64; x64) AppleWebKit/537.36 (KHTML, like Gecko) Chrome/95.0.4638.69 Safari/537.36',	'2021-11-11 20:40:27'),
(101,	'Logged out.',	2,	'127.0.0.1',	'Mozilla/5.0 (Windows NT 10.0; Win64; x64) AppleWebKit/537.36 (KHTML, like Gecko) Chrome/95.0.4638.69 Safari/537.36',	'2021-11-11 20:40:30'),
(104,	'Logged in.',	1,	'127.0.0.1',	'Mozilla/5.0 (Windows NT 10.0; Win64; x64) AppleWebKit/537.36 (KHTML, like Gecko) Chrome/95.0.4638.69 Safari/537.36',	'2021-11-11 20:51:07'),
(105,	'Logged out.',	1,	'127.0.0.1',	'Mozilla/5.0 (Windows NT 10.0; Win64; x64) AppleWebKit/537.36 (KHTML, like Gecko) Chrome/95.0.4638.69 Safari/537.36',	'2021-11-11 21:01:37'),
(108,	'Logged in.',	5,	'127.0.0.1',	'Mozilla/5.0 (Windows NT 10.0; Win64; x64) AppleWebKit/537.36 (KHTML, like Gecko) Chrome/95.0.4638.69 Safari/537.36',	'2021-11-11 21:07:23'),
(109,	'Logged out.',	5,	'127.0.0.1',	'Mozilla/5.0 (Windows NT 10.0; Win64; x64) AppleWebKit/537.36 (KHTML, like Gecko) Chrome/95.0.4638.69 Safari/537.36',	'2021-11-11 21:56:29'),
(114,	'Logged in.',	5,	'127.0.0.1',	'Mozilla/5.0 (Windows NT 10.0; Win64; x64) AppleWebKit/537.36 (KHTML, like Gecko) Chrome/95.0.4638.69 Safari/537.36',	'2021-11-11 21:57:50'),
(115,	'Logged out.',	5,	'127.0.0.1',	'Mozilla/5.0 (Windows NT 10.0; Win64; x64) AppleWebKit/537.36 (KHTML, like Gecko) Chrome/95.0.4638.69 Safari/537.36',	'2021-11-11 21:58:11'),
(116,	'Logged in.',	5,	'127.0.0.1',	'Mozilla/5.0 (Windows NT 10.0; Win64; x64) AppleWebKit/537.36 (KHTML, like Gecko) Chrome/95.0.4638.69 Safari/537.36',	'2021-11-11 21:58:45'),
(117,	'Logged out.',	5,	'127.0.0.1',	'Mozilla/5.0 (Windows NT 10.0; Win64; x64) AppleWebKit/537.36 (KHTML, like Gecko) Chrome/95.0.4638.69 Safari/537.36',	'2021-11-11 21:58:56'),
(121,	'Logged in.',	1,	'127.0.0.1',	'Mozilla/5.0 (Windows NT 10.0; Win64; x64) AppleWebKit/537.36 (KHTML, like Gecko) Chrome/99.0.4844.74 Safari/537.36',	'2022-03-17 23:26:03'),
(122,	'Updated profile avatar.',	1,	'127.0.0.1',	'Mozilla/5.0 (Windows NT 10.0; Win64; x64) AppleWebKit/537.36 (KHTML, like Gecko) Chrome/99.0.4844.74 Safari/537.36',	'2022-03-17 23:26:21'),
(123,	'Updated role with name Human Resource Department.',	1,	'127.0.0.1',	'Mozilla/5.0 (Windows NT 10.0; Win64; x64) AppleWebKit/537.36 (KHTML, like Gecko) Chrome/99.0.4844.74 Safari/537.36',	'2022-03-17 23:30:16'),
(124,	'Updated role with name Senior Human Resource Department.',	1,	'127.0.0.1',	'Mozilla/5.0 (Windows NT 10.0; Win64; x64) AppleWebKit/537.36 (KHTML, like Gecko) Chrome/99.0.4844.74 Safari/537.36',	'2022-03-17 23:32:19'),
(125,	'Updated profile details for Admin Car Workshop.',	1,	'127.0.0.1',	'Mozilla/5.0 (Windows NT 10.0; Win64; x64) AppleWebKit/537.36 (KHTML, like Gecko) Chrome/99.0.4844.74 Safari/537.36',	'2022-03-17 23:46:50'),
(126,	'Updated profile details for Admin Car Workshop.',	1,	'127.0.0.1',	'Mozilla/5.0 (Windows NT 10.0; Win64; x64) AppleWebKit/537.36 (KHTML, like Gecko) Chrome/99.0.4844.74 Safari/537.36',	'2022-03-18 00:41:41'),
(127,	'Updated profile details for Chandrayana Putra.',	1,	'127.0.0.1',	'Mozilla/5.0 (Windows NT 10.0; Win64; x64) AppleWebKit/537.36 (KHTML, like Gecko) Chrome/99.0.4844.74 Safari/537.36',	'2022-03-18 00:48:21'),
(128,	'Updated profile details for Chandrayana Putra.',	1,	'127.0.0.1',	'Mozilla/5.0 (Windows NT 10.0; Win64; x64) AppleWebKit/537.36 (KHTML, like Gecko) Chrome/99.0.4844.74 Safari/537.36',	'2022-03-18 00:48:28'),
(129,	'Updated profile details for Chandrayana Putra.',	1,	'127.0.0.1',	'Mozilla/5.0 (Windows NT 10.0; Win64; x64) AppleWebKit/537.36 (KHTML, like Gecko) Chrome/99.0.4844.74 Safari/537.36',	'2022-03-18 00:50:40'),
(130,	'Deleted user John Wick.',	1,	'127.0.0.1',	'Mozilla/5.0 (Windows NT 10.0; Win64; x64) AppleWebKit/537.36 (KHTML, like Gecko) Chrome/99.0.4844.74 Safari/537.36',	'2022-03-18 00:52:16'),
(131,	'Updated profile details for John Wick.',	1,	'127.0.0.1',	'Mozilla/5.0 (Windows NT 10.0; Win64; x64) AppleWebKit/537.36 (KHTML, like Gecko) Chrome/99.0.4844.74 Safari/537.36',	'2022-03-18 00:52:45'),
(132,	'Deleted user Arysanendra Reyswara.',	1,	'127.0.0.1',	'Mozilla/5.0 (Windows NT 10.0; Win64; x64) AppleWebKit/537.36 (KHTML, like Gecko) Chrome/99.0.4844.74 Safari/537.36',	'2022-03-18 00:53:23'),
(133,	'Updated profile details for Keanu Reaves.',	1,	'127.0.0.1',	'Mozilla/5.0 (Windows NT 10.0; Win64; x64) AppleWebKit/537.36 (KHTML, like Gecko) Chrome/99.0.4844.74 Safari/537.36',	'2022-03-18 00:54:01'),
(134,	'Updated profile details for Keanu Reaves.',	1,	'127.0.0.1',	'Mozilla/5.0 (Windows NT 10.0; Win64; x64) AppleWebKit/537.36 (KHTML, like Gecko) Chrome/99.0.4844.74 Safari/537.36',	'2022-03-18 00:54:15'),
(135,	'Logged out.',	1,	'127.0.0.1',	'Mozilla/5.0 (Windows NT 10.0; Win64; x64) AppleWebKit/537.36 (KHTML, like Gecko) Chrome/99.0.4844.74 Safari/537.36',	'2022-03-18 00:55:50'),
(136,	'Logged in.',	2,	'127.0.0.1',	'Mozilla/5.0 (Windows NT 10.0; Win64; x64) AppleWebKit/537.36 (KHTML, like Gecko) Chrome/99.0.4844.74 Safari/537.36',	'2022-03-18 00:57:06'),
(137,	'Logged out.',	2,	'127.0.0.1',	'Mozilla/5.0 (Windows NT 10.0; Win64; x64) AppleWebKit/537.36 (KHTML, like Gecko) Chrome/99.0.4844.74 Safari/537.36',	'2022-03-18 00:57:35'),
(138,	'Logged in.',	5,	'127.0.0.1',	'Mozilla/5.0 (Windows NT 10.0; Win64; x64) AppleWebKit/537.36 (KHTML, like Gecko) Chrome/99.0.4844.74 Safari/537.36',	'2022-03-18 00:57:44'),
(139,	'Updated profile details.',	5,	'127.0.0.1',	'Mozilla/5.0 (Windows NT 10.0; Win64; x64) AppleWebKit/537.36 (KHTML, like Gecko) Chrome/99.0.4844.74 Safari/537.36',	'2022-03-18 00:58:21'),
(140,	'Logged out.',	5,	'127.0.0.1',	'Mozilla/5.0 (Windows NT 10.0; Win64; x64) AppleWebKit/537.36 (KHTML, like Gecko) Chrome/99.0.4844.74 Safari/537.36',	'2022-03-18 00:59:46'),
(141,	'Logged in.',	5,	'127.0.0.1',	'Mozilla/5.0 (Windows NT 10.0; Win64; x64) AppleWebKit/537.36 (KHTML, like Gecko) Chrome/99.0.4844.74 Safari/537.36',	'2022-03-18 01:00:08'),
(142,	'Logged out.',	5,	'127.0.0.1',	'Mozilla/5.0 (Windows NT 10.0; Win64; x64) AppleWebKit/537.36 (KHTML, like Gecko) Chrome/99.0.4844.74 Safari/537.36',	'2022-03-18 01:00:18'),
(143,	'Logged in.',	2,	'127.0.0.1',	'Mozilla/5.0 (Windows NT 10.0; Win64; x64) AppleWebKit/537.36 (KHTML, like Gecko) Chrome/99.0.4844.74 Safari/537.36',	'2022-03-18 01:00:36'),
(144,	'Logged out.',	2,	'127.0.0.1',	'Mozilla/5.0 (Windows NT 10.0; Win64; x64) AppleWebKit/537.36 (KHTML, like Gecko) Chrome/99.0.4844.74 Safari/537.36',	'2022-03-18 01:00:45'),
(145,	'Logged in.',	1,	'127.0.0.1',	'Mozilla/5.0 (Windows NT 10.0; Win64; x64) AppleWebKit/537.36 (KHTML, like Gecko) Chrome/99.0.4844.74 Safari/537.36',	'2022-03-18 01:01:41'),
(146,	'Updated profile details.',	1,	'127.0.0.1',	'Mozilla/5.0 (Windows NT 10.0; Win64; x64) AppleWebKit/537.36 (KHTML, like Gecko) Chrome/99.0.4844.74 Safari/537.36',	'2022-03-18 01:02:08'),
(147,	'Logged out.',	1,	'127.0.0.1',	'Mozilla/5.0 (Windows NT 10.0; Win64; x64) AppleWebKit/537.36 (KHTML, like Gecko) Chrome/99.0.4844.74 Safari/537.36',	'2022-03-18 02:00:40'),
(148,	'Logged in.',	1,	'127.0.0.1',	'Mozilla/5.0 (Windows NT 10.0; Win64; x64) AppleWebKit/537.36 (KHTML, like Gecko) Chrome/99.0.4844.74 Safari/537.36',	'2022-03-18 02:19:58'),
(149,	'Logged out.',	1,	'127.0.0.1',	'Mozilla/5.0 (Windows NT 10.0; Win64; x64) AppleWebKit/537.36 (KHTML, like Gecko) Chrome/99.0.4844.74 Safari/537.36',	'2022-03-18 02:20:09'),
(150,	'Logged in.',	1,	'127.0.0.1',	'Mozilla/5.0 (Windows NT 10.0; Win64; x64) AppleWebKit/537.36 (KHTML, like Gecko) Chrome/99.0.4844.74 Safari/537.36',	'2022-03-18 04:03:22'),
(151,	'Logged out.',	1,	'127.0.0.1',	'Mozilla/5.0 (Windows NT 10.0; Win64; x64) AppleWebKit/537.36 (KHTML, like Gecko) Chrome/99.0.4844.74 Safari/537.36',	'2022-03-18 04:04:15'),
(152,	'Logged in.',	1,	'127.0.0.1',	'Mozilla/5.0 (Windows NT 10.0; Win64; x64) AppleWebKit/537.36 (KHTML, like Gecko) Chrome/99.0.4844.74 Safari/537.36',	'2022-03-18 04:04:31'),
(153,	'Updated the permission named Create Candidate Detail.',	1,	'127.0.0.1',	'Mozilla/5.0 (Windows NT 10.0; Win64; x64) AppleWebKit/537.36 (KHTML, like Gecko) Chrome/99.0.4844.74 Safari/537.36',	'2022-03-18 05:49:13'),
(154,	'Updated the permission named Create Candidate Detail.',	1,	'127.0.0.1',	'Mozilla/5.0 (Windows NT 10.0; Win64; x64) AppleWebKit/537.36 (KHTML, like Gecko) Chrome/99.0.4844.74 Safari/537.36',	'2022-03-18 05:49:40'),
(155,	'Updated the permission named List and Show Candidate Detail.',	1,	'127.0.0.1',	'Mozilla/5.0 (Windows NT 10.0; Win64; x64) AppleWebKit/537.36 (KHTML, like Gecko) Chrome/99.0.4844.74 Safari/537.36',	'2022-03-18 05:50:08'),
(156,	'Updated the permission named Edit Candidate Detail.',	1,	'127.0.0.1',	'Mozilla/5.0 (Windows NT 10.0; Win64; x64) AppleWebKit/537.36 (KHTML, like Gecko) Chrome/99.0.4844.74 Safari/537.36',	'2022-03-18 05:50:41'),
(157,	'Updated the permission named Delete Candidate Detail.',	1,	'127.0.0.1',	'Mozilla/5.0 (Windows NT 10.0; Win64; x64) AppleWebKit/537.36 (KHTML, like Gecko) Chrome/99.0.4844.74 Safari/537.36',	'2022-03-18 05:51:19'),
(158,	'Deleted permission named List and Show Jobs.',	1,	'127.0.0.1',	'Mozilla/5.0 (Windows NT 10.0; Win64; x64) AppleWebKit/537.36 (KHTML, like Gecko) Chrome/99.0.4844.74 Safari/537.36',	'2022-03-18 05:51:26'),
(159,	'Updated role permissions.',	1,	'127.0.0.1',	'Mozilla/5.0 (Windows NT 10.0; Win64; x64) AppleWebKit/537.36 (KHTML, like Gecko) Chrome/99.0.4844.74 Safari/537.36',	'2022-03-18 05:52:02'),
(160,	'Updated role permissions.',	1,	'127.0.0.1',	'Mozilla/5.0 (Windows NT 10.0; Win64; x64) AppleWebKit/537.36 (KHTML, like Gecko) Chrome/99.0.4844.74 Safari/537.36',	'2022-03-18 05:52:31'),
(161,	'Logged out.',	1,	'127.0.0.1',	'Mozilla/5.0 (Windows NT 10.0; Win64; x64) AppleWebKit/537.36 (KHTML, like Gecko) Chrome/99.0.4844.74 Safari/537.36',	'2022-03-18 06:02:50'),
(162,	'Logged in.',	5,	'127.0.0.1',	'Mozilla/5.0 (Windows NT 10.0; Win64; x64) AppleWebKit/537.36 (KHTML, like Gecko) Chrome/99.0.4844.74 Safari/537.36',	'2022-03-18 06:03:13'),
(163,	'Logged out.',	5,	'127.0.0.1',	'Mozilla/5.0 (Windows NT 10.0; Win64; x64) AppleWebKit/537.36 (KHTML, like Gecko) Chrome/99.0.4844.74 Safari/537.36',	'2022-03-18 06:08:16'),
(164,	'Logged in.',	1,	'127.0.0.1',	'Mozilla/5.0 (Windows NT 10.0; Win64; x64) AppleWebKit/537.36 (KHTML, like Gecko) Chrome/99.0.4844.74 Safari/537.36',	'2022-03-18 06:08:38'),
(165,	'Updated profile details for Keanu Reaves.',	1,	'127.0.0.1',	'Mozilla/5.0 (Windows NT 10.0; Win64; x64) AppleWebKit/537.36 (KHTML, like Gecko) Chrome/99.0.4844.74 Safari/537.36',	'2022-03-18 06:08:50'),
(166,	'Logged out.',	1,	'127.0.0.1',	'Mozilla/5.0 (Windows NT 10.0; Win64; x64) AppleWebKit/537.36 (KHTML, like Gecko) Chrome/99.0.4844.74 Safari/537.36',	'2022-03-18 06:09:43'),
(167,	'Logged in.',	5,	'127.0.0.1',	'Mozilla/5.0 (Windows NT 10.0; Win64; x64) AppleWebKit/537.36 (KHTML, like Gecko) Chrome/99.0.4844.74 Safari/537.36',	'2022-03-18 06:09:59'),
(168,	'Logged out.',	5,	'127.0.0.1',	'Mozilla/5.0 (Windows NT 10.0; Win64; x64) AppleWebKit/537.36 (KHTML, like Gecko) Chrome/99.0.4844.74 Safari/537.36',	'2022-03-18 06:11:46'),
(169,	'Logged in.',	2,	'127.0.0.1',	'Mozilla/5.0 (Windows NT 10.0; Win64; x64) AppleWebKit/537.36 (KHTML, like Gecko) Chrome/99.0.4844.74 Safari/537.36',	'2022-03-18 06:11:57'),
(170,	'Logged out.',	2,	'127.0.0.1',	'Mozilla/5.0 (Windows NT 10.0; Win64; x64) AppleWebKit/537.36 (KHTML, like Gecko) Chrome/99.0.4844.74 Safari/537.36',	'2022-03-18 06:12:08'),
(171,	'Logged in.',	1,	'127.0.0.1',	'Mozilla/5.0 (Windows NT 10.0; Win64; x64) AppleWebKit/537.36 (KHTML, like Gecko) Chrome/99.0.4844.74 Safari/537.36',	'2022-03-18 06:12:14'),
(172,	'Updated website settings.',	1,	'127.0.0.1',	'Mozilla/5.0 (Windows NT 10.0; Win64; x64) AppleWebKit/537.36 (KHTML, like Gecko) Chrome/99.0.4844.74 Safari/537.36',	'2022-03-18 06:12:48'),
(173,	'Logged out.',	1,	'127.0.0.1',	'Mozilla/5.0 (Windows NT 10.0; Win64; x64) AppleWebKit/537.36 (KHTML, like Gecko) Chrome/99.0.4844.74 Safari/537.36',	'2022-03-18 06:14:12'),
(174,	'Logged in.',	1,	'127.0.0.1',	'Mozilla/5.0 (Windows NT 10.0; Win64; x64) AppleWebKit/537.36 (KHTML, like Gecko) Chrome/99.0.4844.74 Safari/537.36',	'2022-03-18 06:14:18'),
(175,	'Updated website settings.',	1,	'127.0.0.1',	'Mozilla/5.0 (Windows NT 10.0; Win64; x64) AppleWebKit/537.36 (KHTML, like Gecko) Chrome/99.0.4844.74 Safari/537.36',	'2022-03-18 06:14:30'),
(176,	'Logged out.',	1,	'127.0.0.1',	'Mozilla/5.0 (Windows NT 10.0; Win64; x64) AppleWebKit/537.36 (KHTML, like Gecko) Chrome/99.0.4844.74 Safari/537.36',	'2022-03-18 06:14:35'),
(177,	'Logged in.',	1,	'127.0.0.1',	'Mozilla/5.0 (Windows NT 10.0; Win64; x64) AppleWebKit/537.36 (KHTML, like Gecko) Chrome/99.0.4844.74 Safari/537.36',	'2022-03-18 06:14:41'),
(178,	'Logged in.',	1,	'127.0.0.1',	'Mozilla/5.0 (Windows NT 10.0; Win64; x64) AppleWebKit/537.36 (KHTML, like Gecko) Chrome/99.0.4844.74 Safari/537.36',	'2022-03-18 22:13:54'),
(179,	'Logged out.',	1,	'127.0.0.1',	'Mozilla/5.0 (Windows NT 10.0; Win64; x64) AppleWebKit/537.36 (KHTML, like Gecko) Chrome/99.0.4844.74 Safari/537.36',	'2022-03-18 22:14:00'),
(180,	'Logged in.',	1,	'127.0.0.1',	'Mozilla/5.0 (Windows NT 10.0; Win64; x64) AppleWebKit/537.36 (KHTML, like Gecko) Chrome/99.0.4844.74 Safari/537.36',	'2022-03-19 05:20:20'),
(181,	'Logged out.',	1,	'127.0.0.1',	'Mozilla/5.0 (Windows NT 10.0; Win64; x64) AppleWebKit/537.36 (KHTML, like Gecko) Chrome/99.0.4844.74 Safari/537.36',	'2022-03-19 05:20:29'),
(182,	'Logged in.',	5,	'127.0.0.1',	'Mozilla/5.0 (Windows NT 10.0; Win64; x64) AppleWebKit/537.36 (KHTML, like Gecko) Chrome/99.0.4844.74 Safari/537.36',	'2022-03-19 05:20:48'),
(183,	'Logged in.',	5,	'127.0.0.1',	'Mozilla/5.0 (Windows NT 10.0; Win64; x64) AppleWebKit/537.36 (KHTML, like Gecko) Chrome/99.0.4844.74 Safari/537.36',	'2022-03-19 07:40:57'),
(184,	'Logged out.',	5,	'127.0.0.1',	'Mozilla/5.0 (Windows NT 10.0; Win64; x64) AppleWebKit/537.36 (KHTML, like Gecko) Chrome/99.0.4844.74 Safari/537.36',	'2022-03-19 07:44:09'),
(185,	'Logged in.',	2,	'127.0.0.1',	'Mozilla/5.0 (Windows NT 10.0; Win64; x64) AppleWebKit/537.36 (KHTML, like Gecko) Chrome/99.0.4844.74 Safari/537.36',	'2022-03-19 07:44:16'),
(186,	'Logged out.',	2,	'127.0.0.1',	'Mozilla/5.0 (Windows NT 10.0; Win64; x64) AppleWebKit/537.36 (KHTML, like Gecko) Chrome/99.0.4844.74 Safari/537.36',	'2022-03-19 07:44:27'),
(187,	'Logged in.',	5,	'127.0.0.1',	'Mozilla/5.0 (Windows NT 10.0; Win64; x64) AppleWebKit/537.36 (KHTML, like Gecko) Chrome/99.0.4844.74 Safari/537.36',	'2022-03-19 07:44:38'),
(188,	'Logged in.',	5,	'127.0.0.1',	'Mozilla/5.0 (Windows NT 10.0; Win64; x64) AppleWebKit/537.36 (KHTML, like Gecko) Chrome/99.0.4844.74 Safari/537.36',	'2022-03-19 15:23:14'),
(189,	'Logged out.',	5,	'127.0.0.1',	'Mozilla/5.0 (Windows NT 10.0; Win64; x64) AppleWebKit/537.36 (KHTML, like Gecko) Chrome/99.0.4844.74 Safari/537.36',	'2022-03-19 17:30:32'),
(190,	'Logged in.',	2,	'127.0.0.1',	'Mozilla/5.0 (Windows NT 10.0; Win64; x64) AppleWebKit/537.36 (KHTML, like Gecko) Chrome/99.0.4844.74 Safari/537.36',	'2022-03-19 17:30:39'),
(191,	'Logged out.',	2,	'127.0.0.1',	'Mozilla/5.0 (Windows NT 10.0; Win64; x64) AppleWebKit/537.36 (KHTML, like Gecko) Chrome/99.0.4844.74 Safari/537.36',	'2022-03-19 17:32:01'),
(192,	'Logged in.',	5,	'127.0.0.1',	'Mozilla/5.0 (Windows NT 10.0; Win64; x64) AppleWebKit/537.36 (KHTML, like Gecko) Chrome/99.0.4844.74 Safari/537.36',	'2022-03-19 17:32:10'),
(193,	'Logged out.',	5,	'127.0.0.1',	'Mozilla/5.0 (Windows NT 10.0; Win64; x64) AppleWebKit/537.36 (KHTML, like Gecko) Chrome/99.0.4844.74 Safari/537.36',	'2022-03-19 17:32:24'),
(194,	'Logged in.',	2,	'127.0.0.1',	'Mozilla/5.0 (Windows NT 10.0; Win64; x64) AppleWebKit/537.36 (KHTML, like Gecko) Chrome/99.0.4844.74 Safari/537.36',	'2022-03-19 17:32:31'),
(195,	'Logged out.',	2,	'127.0.0.1',	'Mozilla/5.0 (Windows NT 10.0; Win64; x64) AppleWebKit/537.36 (KHTML, like Gecko) Chrome/99.0.4844.74 Safari/537.36',	'2022-03-19 17:32:45'),
(196,	'Logged in.',	5,	'127.0.0.1',	'Mozilla/5.0 (Windows NT 10.0; Win64; x64) AppleWebKit/537.36 (KHTML, like Gecko) Chrome/99.0.4844.74 Safari/537.36',	'2022-03-19 17:32:59'),
(197,	'Updated profile avatar.',	5,	'127.0.0.1',	'Mozilla/5.0 (Windows NT 10.0; Win64; x64) AppleWebKit/537.36 (KHTML, like Gecko) Chrome/99.0.4844.74 Safari/537.36',	'2022-03-19 17:34:30'),
(198,	'Updated profile avatar.',	5,	'127.0.0.1',	'Mozilla/5.0 (Windows NT 10.0; Win64; x64) AppleWebKit/537.36 (KHTML, like Gecko) Chrome/99.0.4844.74 Safari/537.36',	'2022-03-19 17:35:00'),
(199,	'Logged in.',	5,	'127.0.0.1',	'Mozilla/5.0 (Windows NT 10.0; Win64; x64) AppleWebKit/537.36 (KHTML, like Gecko) Chrome/99.0.4844.74 Safari/537.36',	'2022-03-19 19:20:55'),
(200,	'Logged out.',	5,	'127.0.0.1',	'Mozilla/5.0 (Windows NT 10.0; Win64; x64) AppleWebKit/537.36 (KHTML, like Gecko) Chrome/99.0.4844.74 Safari/537.36',	'2022-03-19 20:04:31'),
(201,	'Logged in.',	2,	'127.0.0.1',	'Mozilla/5.0 (Windows NT 10.0; Win64; x64) AppleWebKit/537.36 (KHTML, like Gecko) Chrome/99.0.4844.74 Safari/537.36',	'2022-03-19 20:04:39'),
(202,	'Logged out.',	2,	'127.0.0.1',	'Mozilla/5.0 (Windows NT 10.0; Win64; x64) AppleWebKit/537.36 (KHTML, like Gecko) Chrome/99.0.4844.74 Safari/537.36',	'2022-03-19 20:31:54'),
(203,	'Logged in.',	5,	'127.0.0.1',	'Mozilla/5.0 (Windows NT 10.0; Win64; x64) AppleWebKit/537.36 (KHTML, like Gecko) Chrome/99.0.4844.74 Safari/537.36',	'2022-03-19 20:32:16'),
(204,	'Logged out.',	5,	'127.0.0.1',	'Mozilla/5.0 (Windows NT 10.0; Win64; x64) AppleWebKit/537.36 (KHTML, like Gecko) Chrome/99.0.4844.74 Safari/537.36',	'2022-03-19 20:32:39'),
(205,	'Logged in.',	2,	'127.0.0.1',	'Mozilla/5.0 (Windows NT 10.0; Win64; x64) AppleWebKit/537.36 (KHTML, like Gecko) Chrome/99.0.4844.74 Safari/537.36',	'2022-03-19 20:32:46'),
(206,	'Logged out.',	2,	'127.0.0.1',	'Mozilla/5.0 (Windows NT 10.0; Win64; x64) AppleWebKit/537.36 (KHTML, like Gecko) Chrome/99.0.4844.74 Safari/537.36',	'2022-03-19 20:35:51'),
(207,	'Logged in.',	5,	'127.0.0.1',	'Mozilla/5.0 (Windows NT 10.0; Win64; x64) AppleWebKit/537.36 (KHTML, like Gecko) Chrome/99.0.4844.74 Safari/537.36',	'2022-03-19 20:36:00'),
(208,	'Logged out.',	5,	'127.0.0.1',	'Mozilla/5.0 (Windows NT 10.0; Win64; x64) AppleWebKit/537.36 (KHTML, like Gecko) Chrome/99.0.4844.74 Safari/537.36',	'2022-03-19 20:36:33'),
(209,	'Logged in.',	5,	'127.0.0.1',	'Mozilla/5.0 (Windows NT 10.0; Win64; x64) AppleWebKit/537.36 (KHTML, like Gecko) Chrome/99.0.4844.74 Safari/537.36',	'2022-03-19 20:36:40'),
(210,	'Logged out.',	5,	'127.0.0.1',	'Mozilla/5.0 (Windows NT 10.0; Win64; x64) AppleWebKit/537.36 (KHTML, like Gecko) Chrome/99.0.4844.74 Safari/537.36',	'2022-03-19 20:36:48'),
(211,	'Logged in.',	2,	'127.0.0.1',	'Mozilla/5.0 (Windows NT 10.0; Win64; x64) AppleWebKit/537.36 (KHTML, like Gecko) Chrome/99.0.4844.74 Safari/537.36',	'2022-03-19 20:36:54'),
(212,	'Logged out.',	2,	'127.0.0.1',	'Mozilla/5.0 (Windows NT 10.0; Win64; x64) AppleWebKit/537.36 (KHTML, like Gecko) Chrome/99.0.4844.74 Safari/537.36',	'2022-03-19 20:48:42'),
(213,	'Logged in.',	5,	'127.0.0.1',	'Mozilla/5.0 (Windows NT 10.0; Win64; x64) AppleWebKit/537.36 (KHTML, like Gecko) Chrome/99.0.4844.74 Safari/537.36',	'2022-03-19 20:48:56'),
(214,	'Logged out.',	5,	'127.0.0.1',	'Mozilla/5.0 (Windows NT 10.0; Win64; x64) AppleWebKit/537.36 (KHTML, like Gecko) Chrome/99.0.4844.74 Safari/537.36',	'2022-03-19 20:49:09'),
(215,	'Logged in.',	5,	'127.0.0.1',	'PostmanRuntime/7.29.0',	'2022-03-19 22:39:46'),
(216,	'Logged in.',	5,	'127.0.0.1',	'Mozilla/5.0 (Windows NT 10.0; Win64; x64) AppleWebKit/537.36 (KHTML, like Gecko) Chrome/99.0.4844.74 Safari/537.36',	'2022-03-19 23:11:02');

-- 2022-03-20 07:55:50
